经纪机构,房屋坐落,建筑面积,合同价格,房屋用途,挂牌价格,所在区域,BADATE
常熟博华房地产营销策划有限公司,五星新村七区71幢601,83.03,900000.00,成套住宅,110,市区,2025-05-10 09:31:10
常熟博华房地产营销策划有限公司,琴川街道长江东路88号虞枫家园8幢车库05,18.21,5000.00,地下车库,1,市区,2025-05-18 09:22:52
常熟博华房地产营销策划有限公司,琴川街道长江东路88号虞枫家园8幢801,75.34,545000.00,成套住宅,60,市区,2025-05-18 09:32:24
常熟博华房地产营销策划有限公司,漕泾新村一区46-13幢402,84.63,940000.00,成套住宅,99,市区,2025-05-23 09:26:55
常熟博华房地产营销策划有限公司,漕泾新村一区46-13幢车库7,19.38,10000.00,车库,1,市区,2025-05-23 09:47:28
常熟博华房地产营销策划有限公司,琴川街道达海路188号琴东雅苑16幢402,140.19,1800000.00,成套住宅,290,市区,2025-05-23 13:03:58
常熟博华房地产营销策划有限公司,锦绣苑11幢206,208.76,1200000.00,成套住宅,200,市区,2025-05-29 09:01:27
常熟博华房地产营销策划有限公司,锦绣苑11幢车库24,25.38,10000.00,车库,2,市区,2025-05-29 09:08:26
常熟博华房地产营销策划有限公司,锦绣苑11幢车库21,27.33,10000.00,车库,2,市区,2025-05-29 09:14:42
常熟博华房地产营销策划有限公司,绿地·常熟老街吉庆坊8幢403,120.14,1000000.00,成套住宅,140,市区,2025-05-29 16:33:45
常熟博华房地产营销策划有限公司,绿地·常熟老街吉庆坊2幢902,96.29,750000.00,成套住宅,115,市区,2025-05-30 12:48:24
常熟德佑房地产经纪有限公司,梅李镇梅南路26号创想魅力城21幢406,115.56,950000.00,成套住宅,99,梅李镇,2025-05-06 14:18:08
常熟德佑房地产经纪有限公司,"李闸路65号1幢603,李闸路65号1幢603(阁楼),李闸路65号1幢车库19",174.69,1450000.00,"成套住宅,成套住宅,车库",150,市区,2025-05-07 09:26:31
常熟德佑房地产经纪有限公司,常福街道台山路2号璀璨澜庭4幢804,123.15,1700000.00,成套住宅,180,市区,2025-05-07 10:12:32
常熟德佑房地产经纪有限公司,辛庄镇常乐路8号熙悦豪庭11幢404,117.54,980000.00,成套住宅,98,辛庄镇,2025-05-08 09:58:49
常熟德佑房地产经纪有限公司,东南大道111号东湖京华苑京玉苑15幢602,89.80,533000.00,成套住宅,60,东南开发区,2025-05-08 13:27:20
常熟德佑房地产经纪有限公司,常熟高新技术产业开发区黄浦江路199号紫晶创意广场5幢1210,47.76,328000.00,商务办公,34.8,东南开发区,2025-05-08 13:49:26
常熟德佑房地产经纪有限公司,常熟经济技术开发区高新技术产业园联丰东路68号星宝花园11幢304,95.79,1100000.00,成套住宅,119.8,市区,2025-05-09 09:20:07
常熟德佑房地产经纪有限公司,枫林路40号清枫和院29幢601,139.54,2730000.00,成套住宅,280,市区,2025-05-09 09:46:37
常熟德佑房地产经纪有限公司,常熟高新技术产业开发区黄浦江路199号1幢1012,46.30,288000.00,办公,30.8,东南开发区,2025-05-09 09:55:38
常熟德佑房地产经纪有限公司,碧溪街道江海路99号源江筑4幢1104,132.92,1256000.00,成套住宅,130,碧溪新区,2025-05-09 10:17:16
常熟德佑房地产经纪有限公司,虞山镇昆承南路99号中南虞锦城9幢1105,104.72,1000000.00,成套住宅,102,市区,2025-05-09 10:45:25
常熟德佑房地产经纪有限公司,常熟高新技术产业开发区东南大道99号新世纪花苑A幢1202,102.19,596000.00,成套住宅,59.6,东南开发区,2025-05-09 14:57:47
常熟德佑房地产经纪有限公司,沙家浜镇潘滃路8号珺睿华庭23幢505,101.10,830000.00,成套住宅,88,沙家浜镇,2025-05-09 15:21:59
常熟德佑房地产经纪有限公司,绿地·常熟老街承德坊1幢606,108.76,1000000.00,成套住宅,107,市区,2025-05-09 15:59:39
常熟德佑房地产经纪有限公司,海虞镇恒福路1号聚福佳苑12幢1501,100.17,400000.00,成套住宅,40,海虞镇,2025-05-12 12:16:34
常熟德佑房地产经纪有限公司,东南街道东南大道118号湖畔现代城127幢2103,88.68,645000.00,成套住宅,70,东南开发区,2025-05-12 13:09:16
常熟德佑房地产经纪有限公司,常熟经济技术开发区永嘉路3号滨江福兴华府7幢1802,83.91,565000.00,成套住宅,56.5,碧溪新区,2025-05-13 09:16:06
常熟德佑房地产经纪有限公司,绿地·常熟老街吉庆坊11幢209,62.45,380000.00,商务办公,40,市区,2025-05-13 09:54:26
常熟德佑房地产经纪有限公司,辛庄镇新阳大道102号新都商务广场843,44.57,200000.00,办公,34,辛庄镇,2025-05-13 09:59:47
常熟德佑房地产经纪有限公司,琴川街道静海路21号紫誉华庭3幢404,109.48,1565000.00,成套住宅,163,市区,2025-05-13 14:00:06
常熟德佑房地产经纪有限公司,"江苏省常熟高新技术产业开发区金门路66号新世纪花苑23幢101,江苏省常熟高新技术产业开发区金门路66号新世纪花苑23幢101",142.25,1480000.00,"成套住宅,成套住宅",159,东南开发区,2025-05-14 09:15:56
常熟德佑房地产经纪有限公司,常熟经济技术开发区高新技术产业园苏州路7-1号怡馨佳苑4幢902,73.13,530000.00,成套住宅,56,市区,2025-05-14 09:32:06
常熟德佑房地产经纪有限公司,"锦湖花园4幢4号车库,锦湖花园4幢501室(501阁),锦湖花园4幢501,锦湖花园4幢501室",272.41,2500000.00,"车库,阁楼,成套住宅,住宅",320,市区,2025-05-14 10:16:48
常熟德佑房地产经纪有限公司,琴湖路15号(佳和水岸小区)2幢201,136.55,900000.00,成套住宅,110,市区,2025-05-14 10:45:49
常熟德佑房地产经纪有限公司,常福街道大义新村路118号五新花园4幢1102,74.15,450000.00,成套住宅,47,市区,2025-05-14 13:27:32
常熟德佑房地产经纪有限公司,陈家市36号创想凯旋湾花园26幢1906,127.81,1650000.00,成套住宅,180,市区,2025-05-14 14:32:11
常熟德佑房地产经纪有限公司,东南街道大滃江路50号悦湖雅苑8幢1304,137.51,1510000.00,成套住宅,205,东南开发区,2025-05-15 10:25:19
常熟德佑房地产经纪有限公司,海虞镇人民路26号海德名筑5幢501,186.50,1700000.00,成套住宅,170,海虞镇,2025-05-15 13:18:03
常熟德佑房地产经纪有限公司,虞山街道翡翠路99号玉兰臻园27幢402,143.77,1350000.00,成套住宅,140,市区,2025-05-15 13:45:07
常熟德佑房地产经纪有限公司,梅李镇江夏路41号156,112.76,638000.00,商业服务,68.8,梅李镇,2025-05-16 09:57:08
常熟德佑房地产经纪有限公司,琴川街道达海路188号琴东雅苑9幢304,123.03,1680000.00,成套住宅,203.8,市区,2025-05-16 10:01:19
常熟德佑房地产经纪有限公司,常熟经济技术开发区高新技术产业园锦州路6号望虞花园5幢车库12,8.34,3000.00,地下车库,1,市区,2025-05-16 13:23:54
常熟德佑房地产经纪有限公司,常熟经济技术开发区高新技术产业园锦州路6号望虞花园5幢601,94.89,690000.00,成套住宅,72,市区,2025-05-16 13:30:29
常熟德佑房地产经纪有限公司,琴川街道香山北路16号中南锦苑18幢1208,141.05,1800000.00,成套住宅,215,市区,2025-05-16 14:53:04
常熟德佑房地产经纪有限公司,碧溪街道龙腾南路19号铂珺花园6幢402,88.26,705000.00,成套住宅,73,琴川街道,2025-05-19 09:47:21
常熟德佑房地产经纪有限公司,常福新村一区91幢501,79.01,510000.00,成套住宅,62.28,市区,2025-05-19 10:13:44
常熟德佑房地产经纪有限公司,常福新村一区91幢车库东3,18.17,10000.00,车库,1,市区,2025-05-19 10:26:09
常熟德佑房地产经纪有限公司,常福二区别墅区102幢车库10,17.40,10000.00,车库,1,市区,2025-05-19 13:26:20
常熟德佑房地产经纪有限公司,常福二区别墅区102幢603,96.40,780000.00,成套住宅,82,市区,2025-05-19 13:35:13
常熟德佑房地产经纪有限公司,莫城街道新茂路88号贸盛大厦1幢2405,127.98,1300000.00,成套住宅,130,市区,2025-05-19 14:08:15
常熟德佑房地产经纪有限公司,陆家弄50号202,63.82,410000.00,成套住宅,43,市区,2025-05-20 09:24:23
常熟德佑房地产经纪有限公司,辛庄镇新阳大道65号书香名苑10幢505,158.70,760000.00,成套住宅,84,辛庄镇,2025-05-20 09:48:15
常熟德佑房地产经纪有限公司,常熟高新技术产业开发区富春江路79号东南食品广场B幢1333,56.56,260000.00,办公,30,东南开发区,2025-05-20 10:04:57
常熟德佑房地产经纪有限公司,尚湖镇永平路58号湖悦澜庭7幢502,142.67,870000.00,成套住宅,100,尚湖镇,2025-05-20 12:49:18
常熟德佑房地产经纪有限公司,梅李镇梅南路26号创想魅力城27幢1502,86.90,660000.00,成套住宅,72.6,梅李镇,2025-05-20 13:48:56
常熟德佑房地产经纪有限公司,绿地·常熟老街泰德坊3幢1002,85.73,650000.00,成套住宅,65,市区,2025-05-21 09:23:26
常熟德佑房地产经纪有限公司,东南街道东南大道118号湖畔现代城128幢2805,80.90,591000.00,成套住宅,75,东南开发区,2025-05-21 10:02:12
常熟德佑房地产经纪有限公司,"梅李镇金色家园11幢,梅李镇金色家园11幢(101)",250.08,3750000.00,"成套住宅,住宅",380,梅李镇,2025-05-21 14:03:22
常熟德佑房地产经纪有限公司,常熟经济技术开发区高新技术产业园苏州路7-1号怡馨佳苑21幢808,79.09,512000.00,成套住宅,58,市区,2025-05-23 09:26:09
常熟德佑房地产经纪有限公司,梅李镇天字路1号珺悦阁10幢901,120.99,1065000.00,成套住宅,106.5,梅李镇,2025-05-23 10:39:06
常熟德佑房地产经纪有限公司,东南街道福泰路3号澜悦雅筑22幢3103,107.13,1232000.00,成套住宅,123.2,东南开发区,2025-05-23 13:52:41
常熟德佑房地产经纪有限公司,常熟高新技术产业开发区黄浦江路199号紫晶创意广场11幢809,54.34,320000.00,商务办公,32,东南开发区,2025-05-24 09:31:01
常熟德佑房地产经纪有限公司,明日星城城欣园43幢406,113.63,880000.00,成套住宅,88,市区,2025-05-24 14:12:34
常熟德佑房地产经纪有限公司,常福街道金陵路1号虞宸源筑3幢304,115.37,870000.00,成套住宅,89.5,市区,2025-05-26 09:17:51
常熟德佑房地产经纪有限公司,常熟高新技术产业开发区东南大道111号东湖京华苑京珠苑7幢420,68.31,225000.00,商业服务,23,东南开发区,2025-05-26 09:41:42
常熟德佑房地产经纪有限公司,常熟高新技术产业开发区东南大道111号东湖京华苑京珠苑7幢421,68.31,215000.00,商业服务,23,东南开发区,2025-05-26 09:48:13
常熟德佑房地产经纪有限公司,常熟高新技术产业开发区东南大道111号东湖京华苑京珠苑7幢422,63.40,220000.00,商业服务,23,东南开发区,2025-05-26 09:55:18
常熟德佑房地产经纪有限公司,琴川街道闽江东路11号常熟世茂世纪中心2幢2006,139.11,700000.00,商务办公,88,市区,2025-05-26 11:14:32
常熟德佑房地产经纪有限公司,东南大道138号湖畔现代城三期118幢2904,143.41,1020000.00,成套住宅,115,东南开发区,2025-05-26 13:35:23
常熟德佑房地产经纪有限公司,梅李镇江夏路45号35幢103,141.20,1200000.00,商业服务,150,梅李镇,2025-05-26 14:14:18
常熟德佑房地产经纪有限公司,常熟高新技术产业开发区东南大道138号湖畔现代城三期125幢3104,134.86,805000.00,成套住宅,90,东南开发区,2025-05-27 09:37:53
常熟德佑房地产经纪有限公司,虞山街道天香路6号湖语尚院46幢101,181.79,1950000.00,成套住宅,200,虞山街道,2025-05-28 10:27:40
常熟德佑房地产经纪有限公司,琴川街道香山北路16号中南锦苑18幢1407,119.80,1220000.00,成套住宅,180,市区,2025-05-28 13:09:05
常熟德佑房地产经纪有限公司,绿地·常熟老街泰德坊3幢801,134.85,1020000.00,成套住宅,103,市区,2025-05-28 13:40:51
常熟德佑房地产经纪有限公司,"明珠小区13幢车库,明珠小区13幢202",102.24,1000000.00,"车库,成套住宅",109,市区,2025-05-28 14:19:07
常熟德佑房地产经纪有限公司,梅李镇梅南路26号创想魅力城18幢606,114.36,796000.00,成套住宅,82.6,梅李镇,2025-05-29 09:18:35
常熟德佑房地产经纪有限公司,辛庄镇新阳大道89号集美院13幢502,126.24,1330000.00,成套住宅,137,辛庄镇,2025-05-29 09:42:10
常熟德佑房地产经纪有限公司,东南街道东南大道138号湖畔现代城三期126幢904,138.38,1070000.00,成套住宅,107,东南开发区,2025-05-29 13:05:00
常熟德佑房地产经纪有限公司,中南世纪城3幢2301,132.17,1333000.00,成套住宅,162.8,市区,2025-05-29 14:38:03
常熟德佑房地产经纪有限公司,常熟经济技术开发区高新技术产业园东山路1号爱乐商务广场2幢407,36.43,120000.00,商业服务,15,市区,2025-05-30 09:12:16
常熟德佑房地产经纪有限公司,海虞镇福山恒福路1号聚福佳苑9幢302,166.08,650000.00,成套住宅,80,海虞镇,2025-05-30 10:55:42
常熟富邦房产中介有限公司,董浜镇星晨路8号亲水湾花园一区2幢206,78.68,388000.00,成套住宅,50,董浜镇,2025-05-07 09:28:50
常熟富邦房产中介有限公司,董浜镇尚景湾佳园2幢B801,130.74,800000.00,成套住宅,80,董浜镇,2025-05-19 10:46:27
常熟富邦房产中介有限公司,董浜镇星安路36号香悦四季雅苑4幢106,111.38,700000.00,成套住宅,80,董浜镇,2025-05-20 12:50:51
常熟富邦房产中介有限公司,董浜镇星晨路8号亲水湾花园一区6幢603,78.52,350000.00,成套住宅,45,董浜镇,2025-05-21 13:22:12
常熟禾盛家房地产经纪有限公司,辛庄镇张桥迎宾新村一区5号,226.42,2150000.00,成套住宅,230,辛庄镇,2025-05-22 13:32:52
常熟合家合房地产经纪有限公司,东南街道福茂路200号青藤雅苑9幢1001,163.37,1800000.00,成套住宅,180,东南开发区,2025-05-07 09:14:40
常熟合家合房地产经纪有限公司,常熟高新技术产业开发区东南大道33号金狮薇尼诗花园21幢704,173.22,1000000.00,成套住宅,150,东南开发区,2025-05-09 11:06:11
常熟合家合房地产经纪有限公司,虞山街道招商西路265号元丰园二区20幢203,84.65,970000.00,成套住宅,100,虞山街道,2025-05-12 09:28:26
常熟合家合房地产经纪有限公司,虞山街道招商西路265号元丰园二区20幢108(车库),13.95,10000.00,车库,1,虞山街道,2025-05-12 09:35:22
常熟合家合房地产经纪有限公司,常熟高新技术产业开发区东南大道33号金狮薇尼诗花园26幢409,128.88,1080000.00,成套住宅,100,东南开发区,2025-05-15 09:17:57
常熟合家合房地产经纪有限公司,琴川街道沙家浜路388号琴鸣雅院22幢201,143.44,2680000.00,成套住宅,280,市区,2025-05-20 12:21:28
常熟合家合房地产经纪有限公司,古里镇文学街188号金域蓝湾二区23幢407,125.69,950000.00,成套住宅,100,古里镇,2025-05-26 08:49:11
常熟宏安房产经纪有限公司,莫城街道招商西路228号尚虞院8幢2307,140.98,1900000.00,成套住宅,240,莫城街道,2025-05-09 10:50:10
常熟宏安房产经纪有限公司,翠屏路1号香榭丽舍29幢304,137.73,1700000.00,成套住宅,230,市区,2025-05-20 13:08:22
常熟宏安房产经纪有限公司,翠屏路1号香榭丽舍29幢-104,53.65,60000.00,地下室,2,市区,2025-05-20 13:16:10
常熟嘉庭房产信息有限公司,富阳路21号3幢1401,90.51,630000.00,成套住宅,100,市区,2025-05-07 14:11:30
常熟嘉庭房产信息有限公司,常熟高新技术产业开发区东南大道33号金狮薇尼诗花园62幢2602,94.94,1000000.00,成套住宅,120,东南开发区,2025-05-08 09:28:57
常熟嘉庭房产信息有限公司,富阳路21号4幢416,60.77,200000.00,成套住宅,85,市区,2025-05-08 15:39:47
常熟嘉庭房产信息有限公司,东南街道福茂路200号青藤雅苑13幢1808,117.24,1100000.00,成套住宅,120,东南开发区,2025-05-16 13:10:14
常熟嘉庭房产信息有限公司,琴川街道庙港路1号金湾名悦雅苑7幢701,142.74,1690000.00,成套住宅,200,东南开发区,2025-05-17 19:35:06
常熟嘉庭房产信息有限公司,莫城街道莫城大道801号云锦雅筑4幢703,108.15,1080000.00,成套住宅,120,莫城街道,2025-05-27 09:44:18
常熟嘉庭房产信息有限公司,支塘镇淦昌路160号荷塘人家3幢606,188.34,380000.00,成套住宅,128,支塘镇,2025-05-29 09:10:51
常熟嘉泽房产经纪有限公司,陈家市36号创想凯旋湾花园15幢302,108.05,1100000.00,成套住宅,160,市区,2025-05-29 19:28:31
常熟金诺房地产经纪有限公司,香山北路16号中南锦苑10幢1602,96.46,1780000.00,成套住宅,180,市区,2025-05-16 09:57:09
常熟聚福房产经纪有限公司,"锦荷佳苑二区15幢车库13,锦荷佳苑二区15幢402",87.36,500000.00,"车库,成套住宅",70,市区,2025-05-12 08:35:10
常熟名都房产经纪有限公司,琴枫苑翠竹居12幢503,79.62,500000.00,成套住宅,118,市区,2025-05-05 13:38:16
常熟名都房产经纪有限公司,琴川街道黄浦路302号碧海家园二区7幢2803,126.81,600000.00,成套住宅,60,市区,2025-05-08 13:06:39
常熟名都房产经纪有限公司,琴川街道红梅路6号紫云名邸3幢1502,142.92,1800000.00,成套住宅,276.5,市区,2025-05-08 15:54:44
常熟名都房产经纪有限公司,常福街道常福路77号香溢璟庭28幢1002,87.57,500000.00,成套住宅,105,市区,2025-05-10 12:09:46
常熟名都房产经纪有限公司,琴川街道庙港路46号和光晨樾花园6幢1203,100.21,1000000.00,成套住宅,135,市区,2025-05-11 13:24:34
常熟名都房产经纪有限公司,琴川街道宝山路8号虞悦豪庭3幢205,125.68,2000000.00,成套住宅,260,市区,2025-05-13 13:39:49
常熟名都房产经纪有限公司,琴川街道宝山路88号公望花园20幢2201,136.11,2520000.00,成套住宅,280,市区,2025-05-14 09:11:44
常熟名都房产经纪有限公司,南海路7号8幢2201,143.49,1000000.00,成套住宅,149,市区,2025-05-14 16:12:33
常熟名都房产经纪有限公司,琴湖新村四区33幢33-1室,94.55,850000.00,成套住宅,195,市区,2025-05-15 13:38:12
常熟名都房产经纪有限公司,常福新村别墅区103幢503,73.46,598000.00,成套住宅,60,市区,2025-05-17 12:48:40
常熟名都房产经纪有限公司,常福街道柳州路98号星樾名筑17幢1301,113.57,1000000.00,成套住宅,170,市区,2025-05-20 13:06:08
常熟名都房产经纪有限公司,东南街道福茂路200号青藤雅苑13幢1608,117.24,1320000.00,成套住宅,135,市区,2025-05-22 09:01:02
常熟名都房产经纪有限公司,常熟世茂·世纪中心-创想世纪3幢1701,167.56,1200000.00,成套住宅,160,市区,2025-05-23 16:49:01
常熟名都房产经纪有限公司,琴川街道泰山北路166号云璟花园8幢1101,138.13,1770000.00,成套住宅,200,市区,2025-05-27 09:32:03
常熟名都房产经纪有限公司,虞山街道通林路88号澜山悦庭7幢101,89.25,1000000.00,成套住宅,168,虞山街道,2025-05-28 09:35:20
常熟名都房产经纪有限公司,泰山南路18号中南世纪城93幢409,89.00,1060000.00,成套住宅,135,市区,2025-05-28 13:00:03
常熟名都房产经纪有限公司,"五星新村七区24幢202,五星新村七区24幢202车库",80.79,700000.00,"成套住宅,车库",109,市区,2025-05-28 18:20:38
常熟名都房产经纪有限公司,虞园新村二区39幢101,64.15,900000.00,成套住宅,115,市区,2025-05-30 13:25:59
常熟名嘉房产经纪服务部,长江路68号中冶虞山尚园39幢1102,83.23,800000.00,成套住宅,108,市区,2025-05-15 12:50:09
常熟名嘉房产经纪服务部,昆承南路99号中南虞锦城5幢304,115.49,1030000.00,成套住宅,126,市区,2025-05-22 09:38:57
常熟名嘉房产经纪服务部,金润路18号金润家园12幢401,87.96,760000.00,成套住宅,88,市区,2025-05-24 12:44:34
常熟名嘉房产经纪服务部,金润路18号金润家园12幢车库01,12.03,10000.00,地下车库,1,市区,2025-05-26 16:10:04
常熟名源房产经纪有限公司,湖心亭小区21幢,216.09,2850000.00,成套住宅,280,市区,2025-05-14 09:44:58
常熟时代房地产经纪有限公司,辛庄镇市镇227省道11号5幢304,93.77,650000.00,成套住宅,55,辛庄镇,2025-05-06 14:05:43
常熟时代房地产经纪有限公司,辛庄镇繁荣路28号观溪和园13幢1701,110.22,830000.00,成套住宅,85,辛庄镇,2025-05-15 10:07:54
常熟时代房地产经纪有限公司,辛庄镇新阳大道80号禾盛商业广场3幢407,56.92,350000.00,办公,41,辛庄镇,2025-05-23 13:41:04
常熟市安承房地产经纪有限公司,润欣花园B-53幢03,279.27,4000000.00,成套住宅,418,市区,2025-05-28 09:57:43
常熟市安当房屋中介服务部,商海路39号中盈广场1幢106,151.07,882000.00,成套住宅,120,市区,2025-05-06 09:51:17
常熟市安之家房产有限公司,琴川宝山路8号虞悦豪庭22幢1404,89.63,1180000.00,成套住宅,158,市区,2025-05-12 10:05:56
常熟市百居易房产有限公司,虞山镇香山南路11号琴湖花园1幢1605,135.75,1200000.00,成套住宅,165,琴川街道,2025-05-21 10:39:39
常熟市百乐房产中介服务部（普通合伙）,榆树坊1幢102,80.05,910000.00,成套住宅,96,市区,2025-05-13 10:10:47
常熟市百盛房产经纪咨询服务部（普通合伙）,金桂家园1幢702,83.12,1200000.00,成套住宅,120,市区,2025-05-09 14:42:10
常熟市百盛房产经纪咨询服务部（普通合伙）,珠江东路68号常客隆信一隆庭2幢2101,146.66,1340000.00,成套住宅,153.8,市区,2025-05-14 11:49:20
常熟市百信房屋中介服务部,辛庄镇昌乐路101号沁香园34幢1203,91.30,840000.00,成套住宅,80,辛庄镇,2025-05-07 12:53:47
常熟市百信房屋中介服务部,辛庄镇新阳大道89号集美院1幢303,97.96,900000.00,成套住宅,85,辛庄镇,2025-05-28 13:26:28
常熟市百益房产经纪有限公司,"碧溪镇东张南苑小区4幢车库01,碧溪镇东张南苑小区4幢302",135.26,690000.00,"车库,成套住宅",70,碧溪新区,2025-05-26 09:18:28
常熟市柏源房产经纪有限公司,支塘镇淦昌路160号荷塘人家3幢404,210.55,940000.00,成套住宅,100,支塘镇,2025-05-07 11:46:59
常熟市柏源房产经纪有限公司,常熟经济技术开发区碧浒路10号华鑫天域居3幢801,118.78,950000.00,成套住宅,85,碧溪新区,2025-05-13 20:30:32
常熟市柏源房产经纪有限公司,常熟经济技术开发区碧浒路10号华鑫天域居8幢1501,140.16,850000.00,成套住宅,130,碧溪新区,2025-05-22 21:45:54
常熟市柏源房产经纪有限公司,碧溪街道碧浒路18号阅江佳苑18幢2701,143.13,630000.00,成套住宅,90,碧溪新区,2025-05-30 09:54:17
常熟市柏源房产经纪有限公司,常熟经济技术开发区碧浒路10号华鑫天域居5幢1003,94.82,700000.00,成套住宅,85,碧溪新区,2025-05-30 10:37:55
常熟市碧溪街道好邻居房屋中介服务部,碧溪新区虹桥路101号聚和佳苑56幢1403,125.57,828888.00,成套住宅,93,碧溪新区,2025-05-17 09:19:50
常熟市碧溪街道好邻居房屋中介服务部,常熟经济技术开发区永嘉路111号鸿麦世家29幢101,301.78,2900000.00,成套住宅,300,碧溪新区,2025-05-21 09:59:01
常熟市碧溪街道桔子房产中介服务部,常熟经济技术开发区碧浒路10号华鑫天域居4幢301,119.38,810000.00,成套住宅,82,碧溪新区,2025-05-07 09:20:18
常熟市碧溪街道桔子房产中介服务部,碧溪新区滨江·阳光佳苑1幢302,127.40,580000.00,成套住宅,76,碧溪新区,2025-05-20 11:20:24
常熟市碧溪街道桔子房产中介服务部,常熟经济技术开发区碧浒路10号华鑫天域居5幢2003,94.82,790000.00,成套住宅,85,碧溪新区,2025-05-23 20:08:08
常熟市碧溪街道桔子房产中介服务部,碧溪街道龙腾南路19号铂珺花园6幢2506,88.26,713000.00,成套住宅,75,碧溪新区,2025-05-27 09:02:31
常熟市碧溪街道桔子房产中介服务部,碧溪街道江海路99号源江筑1幢306,91.88,850000.00,成套住宅,89,碧溪新区,2025-05-28 10:31:04
常熟市碧溪街道上佳房产中介服务部,常熟经济技术开发区江南大道97号华臣天邑居1幢1001,101.09,810000.00,成套住宅,88,碧溪新区,2025-05-07 11:05:32
常熟市碧溪街道上佳房产中介服务部,常熟经济技术开发区江洲路2号港龙香江华庭9幢2001,107.96,820000.00,成套住宅,95,碧溪新区,2025-05-30 12:57:04
常熟市碧溪街道易达成房产中介服务部,碧溪新区新溪中路66号206,83.83,450000.00,成套住宅,45,碧溪新区,2025-05-07 18:51:54
常熟市碧溪街道易达成房产中介服务部,常熟经济技术开发区碧浒路10号华鑫天域居3幢1902,96.53,770000.00,成套住宅,90,碧溪新区,2025-05-20 19:57:57
常熟市常福街道恒家房产中介服务部,古里镇银河路8号金域蓝湾三区10幢903,119.45,1120000.00,成套住宅,115,古里镇,2025-05-01 13:33:11
常熟市常福街道恒家房产中介服务部,绿地·常熟老街余庆坊5幢604,87.35,930000.00,成套住宅,110,市区,2025-05-07 13:46:17
常熟市崇文房产信息咨询服务部,常福街道柳州路98号星樾名筑19幢1703,98.47,1300000.00,成套住宅,150,常福街道,2025-05-09 13:09:37
常熟市崇文房产信息咨询服务部,昆承南路99号中南虞锦城5幢907,93.01,860000.00,成套住宅,100,市区,2025-05-29 13:21:35
常熟市董浜镇广诚房地产中介服务部,古里镇元通路189号名仕豪庭1幢404,97.49,960000.00,成套住宅,100,古里镇,2025-05-09 13:01:38
常熟市董浜镇广诚房地产中介服务部,古里镇元枫路16号金域蓝湾四区16幢302,86.98,675000.00,成套住宅,72,古里镇,2025-05-16 11:43:56
常熟市董浜镇广诚房地产中介服务部,古里镇银河路8号金域蓝湾三区1幢905,86.41,580000.00,成套住宅,68,古里镇,2025-05-30 13:49:01
常熟市房可爱房产经纪有限公司,琴川街道新世纪大道77号美丽华凤凰商业中心3幢2508,51.23,190000.00,服务型公寓,42,市区,2025-05-07 13:58:58
常熟市福源房产经纪有限公司,南海路7号7幢809,127.06,1200000.00,成套住宅,146,常福街道,2025-05-09 08:43:04
常熟市高远房产经纪有限公司,润欣花园D14幢2405,76.76,668000.00,成套住宅,74,市区,2025-05-09 13:13:58
常熟市高远房产经纪有限公司,碧溪新区滨江·阳光佳苑6幢404,90.41,450000.00,成套住宅,50,碧溪新区,2025-05-17 10:54:18
常熟市古里镇吉屋房产中介服务部,古里镇白茆增福路49号紫霞花园29幢805,80.54,540000.00,成套住宅,60,古里镇,2025-05-15 08:18:18
常熟市古里镇嘉家房产中介服务部,古里镇文学街555号东宸铭筑9幢106,193.97,1880000.00,成套住宅,350,古里镇,2025-05-19 08:35:58
常熟市古里镇嘉家房产中介服务部,古里镇元通路2号铁琴花园12幢604,139.32,850000.00,成套住宅,100,古里镇,2025-05-20 08:48:27
常熟市古里镇嘉家房产中介服务部,古里镇元枫路16号金域蓝湾四区21幢1504,109.74,840000.00,成套住宅,90,古里镇,2025-05-21 08:25:27
常熟市广恒房产经纪有限公司,湖苑新村四区1幢507,68.93,600000.00,成套住宅,70,琴川街道,2025-05-16 09:02:11
常熟市广恒房产经纪有限公司,阜湖路45号城市之光3幢1301,138.75,1000000.00,成套住宅,130,琴川街道,2025-05-24 19:49:49
常熟市广华策划代理有限公司,虞山街道通林路1号虞门雅苑18幢601,120.01,2200000.00,成套住宅,265,市区,2025-05-12 14:19:17
常熟市广华策划代理有限公司,莫城街道莫城大道801号云锦雅筑15幢2608,98.17,750000.00,成套住宅,75,莫城街道,2025-05-16 09:43:48
常熟市广华策划代理有限公司,古里镇文学街188号金域蓝湾二区5幢05,374.08,2900000.00,成套住宅,460,古里镇,2025-05-16 13:35:29
常熟市好家房产经纪有限公司,颜港北村五区16-1幢202,56.68,400000.00,成套住宅,60,市区,2025-05-21 11:37:37
常熟市荷香居房产中介服务部,琴川街道龙腾路27号晨枫家园7幢车库28,11.15,10000.00,车库,1,琴川街道,2025-05-09 12:32:56
常熟市荷香居房产中介服务部,琴川街道龙腾路27号晨枫家园7幢601,90.34,600000.00,成套住宅,75,琴川街道,2025-05-09 12:44:40
常熟市宏鹏房产经纪有限公司,常福街道宁波路59号加宝花园15幢1005,90.44,750000.00,成套住宅,88,市区,2025-05-01 09:23:46
常熟市宏鹏房产经纪有限公司,常福街道台山路8号和风名筑8幢401,110.30,1350000.00,成套住宅,168,市区,2025-05-09 10:22:47
常熟市宏鹏房产经纪有限公司,琴川街道金山路69号凤栖云筑9幢301,115.58,1900000.00,成套住宅,288,市区,2025-05-15 08:33:06
常熟市宏鹏房产经纪有限公司,常熟经济技术开发区高新技术产业园深圳路26号铂克花园15幢1304,106.44,1000000.00,成套住宅,138,市区,2025-05-17 13:07:16
常熟市宏鹏房产经纪有限公司,常熟经济技术开发区高新技术产业园深圳路25号景天花园39幢1101,113.41,700000.00,成套住宅,128,市区,2025-05-19 14:02:02
常熟市宏鹏房产经纪有限公司,深圳路36号中南锦城5幢2706,112.45,1250000.00,成套住宅,148,市区,2025-05-23 09:28:28
常熟市宏鹏房产经纪有限公司,常熟经济技术开发区高新技术产业园联丰东路68号星宝花园13幢501,140.65,1450000.00,成套住宅,238,市区,2025-05-26 13:25:42
常熟市宏鹏房产经纪有限公司,常福街道台山路8号和风名筑8幢2404,110.30,1250000.00,成套住宅,158,市区,2025-05-27 12:52:26
常熟市宏鹏房产经纪有限公司,深圳路36号中南锦城8幢1105,135.18,1200000.00,成套住宅,185,市区,2025-05-30 09:02:07
常熟市宏顺房产经纪有限公司,花园新村1号104,39.64,280000.00,住宅,45,市区,2025-05-21 11:35:30
常熟市鸿瑞房地产经纪服务部,花溪新村二区11幢206,64.91,480000.00,成套住宅,60,市区,2025-05-15 12:10:22
常熟市华航房产经纪有限公司,报慈北路229号501,113.38,1060000.00,成套住宅,120,市区,2025-05-15 14:41:15
常熟市华恒房产经纪有限公司,虞山街道报慈北路669号富春雅居5幢302,159.08,2800000.00,成套住宅,380,市区,2025-05-06 13:54:25
常熟市华杰房产有限责任公司,支塘镇南街58号,28.70,150000.00,住宅,10,支塘镇,2025-05-19 17:29:38
常熟市华杰房产有限责任公司,支塘镇宝芝路7号万豪佳园29幢304,130.04,668000.00,成套住宅,70,支塘镇,2025-05-20 09:46:24
常熟市华杰房产有限责任公司,支塘镇集贤路18号金泰花苑4幢702,121.58,700000.00,成套住宅,70,支塘镇,2025-05-20 12:05:33
常熟市华杰房产有限责任公司,"支塘镇文昌苑6幢车库07,支塘镇文昌苑6幢404",149.01,555000.00,"车库,成套住宅",56,支塘镇,2025-05-24 11:21:38
常熟市华杰房产有限责任公司,支塘镇谢圩新村一区29号,150.07,1300000.00,成套住宅,100,支塘镇,2025-05-29 13:26:29
常熟市华升不动产经纪有限公司,琴川街道新沈路1号鲲湖天境花园8幢402,213.67,2780000.00,成套住宅,330,琴川街道,2025-05-07 12:33:29
常熟市华升不动产经纪有限公司,琴川街道宝山路8号虞悦豪庭25幢1803,111.56,1760000.00,成套住宅,186,市区,2025-05-13 08:51:30
常熟市华升不动产经纪有限公司,长江路68号中冶虞山尚园13幢504,106.45,1448000.00,成套住宅,149,市区,2025-05-14 08:52:55
常熟市华升不动产经纪有限公司,琴川街道宝山路8号虞悦豪庭19幢101,131.69,2200000.00,成套住宅,233.8,市区,2025-05-14 12:34:34
常熟市华升不动产经纪有限公司,枫林苑31幢606,85.47,610000.00,成套住宅,80,市区,2025-05-15 08:37:03
常熟市华升不动产经纪有限公司,枫林苑31幢车库27,10.58,10000.00,车库,1,市区,2025-05-15 08:43:08
常熟市华升不动产经纪有限公司,琴川街道金山路69号凤栖云筑1幢202,97.70,2000000.00,成套住宅,220,市区,2025-05-16 18:17:41
常熟市华升不动产经纪有限公司,虞山街道风和路21号衡泰理工苑1幢701,102.82,1275000.00,成套住宅,135,虞山街道,2025-05-19 09:21:20
常熟市华升不动产经纪有限公司,"金山苑二区25幢车库21,金山苑二区25幢606,金山苑二区25幢602室(阁楼06)",183.35,735000.00,"车库,成套住宅,住宅",88,市区,2025-05-20 09:14:24
常熟市华升不动产经纪有限公司,虞山街道元和路25号尚璟名筑8幢303,163.43,780000.00,成套住宅,230,虞山街道,2025-05-21 13:56:18
常熟市华升不动产经纪有限公司,琴川街道新沈路1号鲲湖天境花园9幢303,126.19,1500000.00,成套住宅,165,市区,2025-05-24 19:28:01
常熟市华升不动产经纪有限公司,常熟世茂·世纪中心-创梦世纪7幢902,184.06,1730000.00,成套住宅,198,市区,2025-05-29 13:26:41
常熟市辉邦不动产经纪有限公司,常福街道大义新村路117号五新花园25幢1401,124.77,845000.00,成套住宅,85,市区,2025-05-13 12:59:14
常熟市荟佳房产经纪有限公司,琴川街道新颜路304号203,53.50,280000.00,成套住宅,45,市区,2025-05-12 13:14:02
常熟市荟佳房产经纪有限公司,虞山街道招商西路265号元丰园二区5幢603,139.05,1150000.00,成套住宅,140,市区,2025-05-16 09:54:17
常熟市荟佳房产经纪有限公司,报慈南村一区2幢104,60.53,570000.00,成套住宅,75,市区,2025-05-17 09:58:45
常熟市荟佳房产经纪有限公司,报慈新村二区18幢102,82.60,700000.00,成套住宅,110,虞山街道,2025-05-22 10:35:14
常熟市吉诚房产经纪服务部,五星新村三区42幢103,73.08,800000.00,成套住宅,108,市区,2025-05-11 14:19:53
常熟市佳居房产经纪有限公司,漕泾新村二区39幢304,72.40,800000.00,成套住宅,100,市区,2025-05-30 09:52:08
常熟市佳旺房产经纪有限公司,常熟高新技术产业开发区东南大道98号东南世纪华庭16幢601,126.45,968000.00,成套住宅,120,东南开发区,2025-05-07 20:38:04
常熟市佳旺房产经纪有限公司,常熟高新技术产业开发区东南大道98号东南世纪华庭16幢602,126.45,968000.00,成套住宅,140,东南开发区,2025-05-25 09:39:20
常熟市家胜房产经纪有限公司,明日星城明晖园20幢705,153.30,1000000.00,成套住宅,110,市区,2025-05-08 09:22:29
常熟市家胜房产经纪有限公司,明日星城明晖园20幢39车库,20.02,10000.00,车库,1,市区,2025-05-08 09:53:38
常熟市家喜房产中介有限公司,尚湖镇永升路65号星荟云庭5幢1304,114.21,660000.00,成套住宅,100,尚湖镇,2025-05-07 09:16:16
常熟市家喜房产中介有限公司,琴川街道凯文路2号金桂家园36幢304,125.67,1400000.00,成套住宅,200,市区,2025-05-08 08:50:17
常熟市家喜房产中介有限公司,尚湖镇永平路58号湖悦澜庭10幢305,117.67,770000.00,成套住宅,90,尚湖镇,2025-05-08 12:47:59
常熟市家喜房产中介有限公司,尚湖镇练塘南湖苑58幢306,123.33,600000.00,成套住宅,70,尚湖镇,2025-05-09 12:54:31
常熟市家信和房产经纪服务有限公司,尚湖镇练塘大道66号尚隽华庭5幢503,96.60,553900.00,成套住宅,55.39,尚湖镇,2025-05-28 19:15:17
常熟市家裕房地产经纪咨询服务部（普通合伙）,汇文路1号中江广场2号楼2705,69.79,480000.00,商业服务,70,市区,2025-05-15 09:16:21
常熟市家裕房地产经纪咨询服务部（普通合伙）,五星新村二区21幢503,65.60,785000.00,成套住宅,92,市区,2025-05-27 09:27:01
常熟市嘉祥房屋中介服务部（普通合伙）,新建家苑4幢车库11,16.47,5000.00,车库,2,市区,2025-05-14 13:17:08
常熟市嘉祥房屋中介服务部（普通合伙）,新建家苑4幢601,187.64,855000.00,成套住宅,86.08,市区,2025-05-14 13:33:15
常熟市嘉祥房屋中介服务部（普通合伙）,虞山街道县南街8号101,54.49,500000.00,商业,130,市区,2025-05-26 10:52:24
常熟市嘉祥房屋中介服务部（普通合伙）,"义庄公寓5幢203,义庄公寓5幢车库4",140.66,688000.00,"成套住宅,车库",68.8,市区,2025-05-26 14:51:12
常熟市捷诚房产经纪有限公司,古里镇元枫路16号金域蓝湾四区3幢703,120.23,1100000.00,成套住宅,116,古里镇,2025-05-21 13:27:19
常熟市金禾房产经纪有限公司,"常福新村一区91幢东4,常福新村一区91幢302",108.52,940000.00,"车库,成套住宅",98,市区,2025-05-29 10:17:48
常熟市金钥匙房地产信息咨询服务部（普通合伙）,琴川街道长江东路88号虞枫家园3幢202,77.35,490000.00,成套住宅,50,市区,2025-05-16 14:32:18
常熟市金钥匙房地产信息咨询服务部（普通合伙）,琴川街道长江东路88号虞枫家园3幢车库42,18.93,10000.00,车库,1,市区,2025-05-16 14:34:41
常熟市金钥匙房地产信息咨询服务部（普通合伙）,琴湖路101号4幢302,90.61,730000.00,成套住宅,80,市区,2025-05-18 09:34:13
常熟市金钥匙房地产信息咨询服务部（普通合伙）,琴湖路101号4幢7号车库,10.32,5000.00,车库,2,市区,2025-05-18 09:36:52
常熟市锦鸿房产经纪有限公司,枫林路2号(听枫园)8幢202,104.32,1400000.00,成套住宅,190,市区,2025-05-08 12:48:59
常熟市锦鸿房产经纪有限公司,花园公寓1幢401,112.03,800000.00,成套住宅,188,市区,2025-05-19 15:18:03
常熟市锦居房产中介服务有限公司,"常福新村二区20幢403,常福新村二区20幢车库",85.92,600000.00,"成套住宅,车库",73,市区,2025-05-06 12:43:32
常熟市锦居房产中介服务有限公司,五星新村三区1幢402,64.10,700000.00,成套住宅,98,市区,2025-05-08 12:46:59
常熟市锦居房产中介服务有限公司,绿地·常熟老街吉庆坊16幢506,63.52,350000.00,商业服务,50,市区,2025-05-08 13:11:21
常熟市锦居房产中介服务有限公司,五星新村三区36幢203,77.30,800000.00,成套住宅,118,市区,2025-05-12 10:36:29
常熟市锦居房产中介服务有限公司,虞园新村二区33幢102,62.00,900000.00,成套住宅,155,市区,2025-05-14 09:59:49
常熟市锦居房产中介服务有限公司,"五星新村七区11幢603车库,五星新村七区11幢603",75.62,700000.00,"车库,成套住宅",90,市区,2025-05-22 13:20:03
常熟市锦居房产中介服务有限公司,衡山路158号衡泰花园9幢504,106.46,1700000.00,成套住宅,188,市区,2025-05-22 14:27:31
常熟市锦居房产中介服务有限公司,漕泾新村二区15幢车库,11.68,10000.00,车库,1,市区,2025-05-23 09:22:10
常熟市锦居房产中介服务有限公司,漕泾新村二区15幢603,71.05,840000.00,成套住宅,92,市区,2025-05-23 09:28:55
常熟市锦居房产中介服务有限公司,阜湖路45号城市之光8-1幢1104,142.61,1000000.00,成套住宅,120,市区,2025-05-26 12:38:43
常熟市锦居房产中介服务有限公司,菱塘北村二弄17幢204,56.60,350000.00,成套住宅,58,市区,2025-05-26 12:58:06
常熟市锦居房产中介服务有限公司,琴川街道杨虹路1号碧虞珑庭3幢401,143.12,1878000.00,成套住宅,228,市区,2025-05-28 13:23:28
常熟市景源房产中介有限公司,荣安·尚湖中央花园2幢1505,122.83,880000.00,成套住宅,105,市区,2025-05-13 17:35:34
常熟市久顺房产有限公司,沙家浜镇阳澄北路8号水畔华庭3幢202,160.65,750000.00,成套住宅,100,沙家浜镇,2025-05-08 09:45:18
常熟市久顺房产有限公司,东南街道福茂路200号青藤雅苑12幢1305,91.26,800000.00,成套住宅,150,东南开发区,2025-05-13 11:51:32
常熟市居兴苑房地产中介服务有限责任公司,常福街道柳州路98号星樾名筑10幢202,125.04,1620000.00,成套住宅,170,市区,2025-05-15 09:27:51
常熟市君诚房地产有限公司,东南街道大滃江路50号悦湖雅苑6幢602,103.45,900000.00,成套住宅,146,东南开发区,2025-05-26 10:21:58
常熟市康城房屋中介服务部,常熟世茂·世纪中心-创梦世纪77幢车库03,30.29,20000.00,地下车库,20,市区,2025-05-06 12:47:24
常熟市康城房屋中介服务部,常熟世茂·世纪中心-创梦世纪77幢102,197.76,2200000.00,成套住宅,380,市区,2025-05-06 12:53:21
常熟市康城房屋中介服务部,绿地·常熟老街吉庆坊9幢509,62.25,300000.00,商业服务,50,市区,2025-05-09 08:56:01
常熟市康城房屋中介服务部,常福街道台山路2号璀璨澜庭5幢802,91.96,1030000.00,成套住宅,110,市区,2025-05-12 09:08:17
常熟市康城房屋中介服务部,琴川街道香椿路10号褐石源筑19幢402,147.41,1990000.00,成套住宅,235,市区,2025-05-15 12:25:17
常熟市康城房屋中介服务部,常熟世茂·世纪中心-创梦世纪6幢1601,139.73,1330000.00,成套住宅,188,市区,2025-05-17 14:16:33
常熟市康城房屋中介服务部,常福街道台山路8号和风名筑8幢201,110.30,1360000.00,成套住宅,180,市区,2025-05-22 10:27:25
常熟市康城房屋中介服务部,珠江路358号常福新村-常福名苑2幢车库05,16.93,1000.00,地下车库,2,市区,2025-05-30 13:31:51
常熟市可怡房产中介服务部,金童子巷25号1幢503,43.08,203000.00,成套住宅,15,市区,2025-05-09 10:47:16
常熟市跨时代不动产经纪有限公司,五星新村四区43幢302,64.42,700000.00,成套住宅,125,市区,2025-05-29 15:35:32
常熟市乐家房产经纪有限公司,枫泾新村三区6幢102,70.10,500000.00,成套住宅,88,市区,2025-05-09 12:25:19
常熟市联家房屋中介服务部,虞山镇藕渠太平街金枫家园14幢603,96.30,500000.00,成套住宅,70,琴川街道,2025-05-08 12:46:13
常熟市联家房屋中介服务部,虞山镇藕渠太平街金枫家园14幢车库12,13.86,10000.00,车库,1,市区,2025-05-08 12:51:06
常熟市联家房屋中介服务部,五星新村二区19幢102,65.60,950000.00,成套住宅,110,市区,2025-05-09 13:37:08
常熟市联家房屋中介服务部,"申大苑华山路别墅三区1幢104室,申大苑华山路别墅三区1幢104",193.01,2830000.00,"住宅,成套住宅",360,市区,2025-05-18 09:52:26
常熟市恋居房产经纪有限公司,常熟高新技术产业开发区金门路66号新世纪花苑41幢1506,128.13,900000.00,成套住宅,110,东南开发区,2025-05-07 09:26:30
常熟市恋居房产经纪有限公司,常熟高新技术产业开发区东南大道59-83号1123,43.73,200000.00,办公,25,东南开发区,2025-05-08 08:30:39
常熟市恋居房产经纪有限公司,古里镇铁琴北街121号春和景庭5幢1304,73.61,500000.00,成套住宅,60,古里镇,2025-05-08 09:35:00
常熟市恋居房产经纪有限公司,常熟高新技术产业开发区东南大道98号东南世纪华庭26幢2105,79.68,600000.00,成套住宅,95,东南开发区,2025-05-09 09:01:25
常熟市恋居房产经纪有限公司,常熟高新技术产业开发区金门路66号新世纪花苑14幢902,81.99,528000.00,成套住宅,70,东南开发区,2025-05-16 09:08:32
常熟市路发房产经纪有限公司,虞山街道元和路25号尚璟名筑9幢404,118.23,2018000.00,成套住宅,210,虞山街道,2025-05-20 08:29:09
常熟市路发房产经纪有限公司,"里湖泾别墅区6幢502,里湖泾别墅区6幢车库",107.85,738000.00,"成套住宅,车库",80,市区,2025-05-21 09:45:14
常熟市美家房产经纪有限公司,长江路68号中冶虞山尚园9幢802,85.97,1010000.00,成套住宅,119,市区,2025-05-21 10:09:29
常熟市美居房产经纪有限公司,珠江路450号5幢401,105.86,700000.00,成套住宅,110,市区,2025-05-12 13:30:16
常熟市美居房产经纪有限公司,富阳路16号2幢1103,128.09,1140000.00,成套住宅,118,市区,2025-05-15 09:03:02
常熟市美居房产经纪有限公司,绿地·常熟老街余庆坊6幢402,119.68,600000.00,成套住宅,130,常福街道,2025-05-15 12:05:37
常熟市美居房产经纪有限公司,琴川街道昆承南路99号中南虞锦城12幢1601,140.41,1300000.00,成套住宅,175,市区,2025-05-23 14:21:28
常熟市民乐房屋中介服务部,辛庄镇新阳大道66号(新阳福邸)6幢302,88.33,600000.00,成套住宅,125,辛庄镇,2025-05-23 19:35:06
常熟市民乐房屋中介服务部,"辛庄镇星辉广场星光阁车库34,辛庄镇星辉广场星光阁206",136.56,668000.00,"车库,成套住宅",72,辛庄镇,2025-05-29 17:01:27
常熟市铭宸居房产有限公司,"梅李镇四季花园46幢101室,梅李镇四季花园46幢101室",162.27,925000.00,"住宅,成套住宅",95,梅李镇,2025-05-07 09:18:52
常熟市铭宸居房产有限公司,梅李镇通江路26号聚沙锦苑8幢701,118.45,800000.00,成套住宅,150,梅李镇,2025-05-07 18:47:40
常熟市铭宸居房产有限公司,梅李镇将军路128号润泰花园6幢102,118.96,900000.00,成套住宅,100,梅李镇,2025-05-08 08:50:37
常熟市铭宸居房产有限公司,"梅李镇四季花园10幢-1,梅李镇四季花园10幢-1,梅李镇四季花园10幢-1",217.00,1500000.00,"成套住宅,住宅,住宅",226,梅李镇,2025-05-19 08:42:41
常熟市铭宸居房产有限公司,梅李镇聚沙路1号富佳名苑28幢1304,112.99,830000.00,成套住宅,86,梅李镇,2025-05-20 12:37:18
常熟市铭宸居房产有限公司,梅李镇将军路128号润泰花园6幢503,117.95,900000.00,成套住宅,96,梅李镇,2025-05-21 13:10:42
常熟市铭宸居房产有限公司,梅李镇梅南路26号创想魅力城11幢404,93.36,750000.00,成套住宅,83,梅李镇,2025-05-27 09:16:43
常熟市铭宸居房产有限公司,梅李镇梅南路26号创想魅力城26幢603,105.32,830000.00,成套住宅,88,梅李镇,2025-05-28 08:54:50
常熟市铭宸居房产有限公司,梅李镇四季花园45幢305,150.32,850000.00,成套住宅,85,梅李镇,2025-05-29 09:19:55
常熟市铭宸居房产有限公司,梅李镇寺泾路(美丽园)公寓1号楼车库22,26.32,2000.00,车库,1,梅李镇,2025-05-29 12:49:19
常熟市铭宸居房产有限公司,梅李镇寺泾路(美丽园)公寓1号楼404,101.61,600000.00,成套住宅,58,梅李镇,2025-05-29 13:05:23
常熟市木居房产经纪有限公司,海虞南路62号9-J,38.23,123000.00,商业服务,20,市区,2025-05-13 11:14:49
常熟市木居房产经纪有限公司,馨虞居7幢301,58.32,500000.00,成套住宅,86,市区,2025-05-13 20:40:43
常熟市启航房产经纪咨询有限公司,尚湖镇练塘大道66号尚隽华庭5幢1005,117.46,800000.00,成套住宅,90,尚湖镇,2025-05-20 12:56:16
常熟市琴川街道程居房地产经纪服务部,虞园新村二区49幢106,63.84,700000.00,成套住宅,136,市区,2025-05-16 18:28:44
常熟市琴川街道好屋房产经纪服务部,海虞镇迎宾路150号香澜华庭7幢101,111.06,900000.00,成套住宅,110,海虞镇,2025-05-14 09:43:16
常熟市琴川街道好屋房产经纪服务部,元和新村一区55幢305,101.52,590000.00,成套住宅,85,市区,2025-05-20 12:57:02
常熟市琴川街道好屋房产经纪服务部,元和新村一区55幢车库22,10.70,10000.00,车库,1,市区,2025-05-20 13:02:48
常熟市琴川街道吉居房屋信息咨询服务部,常福新村三区25幢401,110.30,670000.00,成套住宅,95,市区,2025-05-23 08:49:41
常熟市琴川街道益之通房屋中介服务部,颜港北村二区17幢403,62.88,488000.00,成套住宅,52,市区,2025-05-07 09:39:50
常熟市琴川街道益之通房屋中介服务部,颜港北村七区25幢205,54.74,540000.00,成套住宅,58,市区,2025-05-08 13:04:25
常熟市琴川街道益之通房屋中介服务部,琴川街道长江东路88号虞枫家园2幢502,77.36,465000.00,成套住宅,68,市区,2025-05-15 08:22:23
常熟市琴川街道益之通房屋中介服务部,琴川街道长江东路88号虞枫家园2幢车库50,15.16,5000.00,车库,1,虞山街道,2025-05-15 08:46:57
常熟市琴川街道源之浩房屋中介服务部,颜港北村七区24幢208,58.43,420000.00,成套住宅,48,市区,2025-05-06 14:58:08
常熟市琴川街道源之浩房屋中介服务部,颜港110号202,86.16,638000.00,成套住宅,80,琴川街道,2025-05-17 08:51:19
常熟市清晨房地产经纪有限公司,常熟高新技术产业开发区金门路66号新世纪花苑15幢1706,124.33,880000.00,成套住宅,102,东南开发区,2025-05-07 19:53:21
常熟市清晨房地产经纪有限公司,常熟高新技术产业开发区东南大道33号金狮薇尼诗花园63幢1501,122.26,920000.00,成套住宅,100,东南开发区,2025-05-10 13:29:44
常熟市清晨房地产经纪有限公司,"江苏省常熟东南经济开发区东南大道33号金狮薇尼诗花园商业59号(59号跃),江苏省常熟东南经济开发区东南大道33号金狮薇尼诗花园商业59号",81.00,620000.00,"商业服务,商业服务",108,东南开发区,2025-05-17 09:02:00
常熟市清晨房地产经纪有限公司,常熟高新技术产业开发区东南大道28号森兰公寓3幢402,139.16,920000.00,成套住宅,108,东南开发区,2025-05-17 10:41:33
常熟市清晨房地产经纪有限公司,东南街道银河路87号辉煌银河商业中心10幢917,36.48,200000.00,服务型公寓,26,东南开发区,2025-05-28 18:23:21
常熟市全顺房屋中介有限公司,支塘镇支川西路8号福地中心9幢112,198.12,570000.00,商业服务,57,支塘镇,2025-05-22 14:12:16
常熟市仁居房产中介服务有限公司,明日星洲13幢103,118.91,1180000.00,成套住宅,130,市区,2025-05-20 13:13:56
常熟市仁居房产中介服务有限公司,琴湖家园23幢704,77.68,500000.00,成套住宅,63,市区,2025-05-23 12:52:04
常熟市荣昌房地产经纪有限公司,"报慈北村一区31幢车库,报慈北村一区31幢303",106.50,700000.00,"车库,成套住宅",86,市区,2025-05-12 18:58:47
常熟市荣锦房产有限公司,常熟虞山尚湖旅游度假区鸣翠路68号太公望花园26幢303,86.84,650000.00,成套住宅,120,市区,2025-05-15 15:08:14
常熟市融泰房产经纪有限公司,海虞镇海棠路158号丽都花园22幢1008,78.69,480000.00,成套住宅,90,海虞镇,2025-05-02 09:33:09
常熟市融泰房产经纪有限公司,常熟经济技术开发区永嘉路3号滨江福兴华府5幢903,83.49,500000.00,成套住宅,59,碧溪新区,2025-05-13 10:17:44
常熟市融泰房产经纪有限公司,碧溪街道江海路99号源江筑9幢2402,90.90,655000.00,成套住宅,66,碧溪新区,2025-05-15 10:00:11
常熟市融泰房产经纪有限公司,海虞镇王市路658号虞澜别院6幢305,131.21,1000000.00,成套住宅,120,海虞镇,2025-05-15 12:53:12
常熟市融泰房产经纪有限公司,海虞镇海棠路159号香语华庭14幢3105,88.26,600000.00,成套住宅,68,海虞镇,2025-05-21 09:06:51
常熟市三友房地产咨询服务部（普通合伙）,琴湖新村五区45幢406,78.90,600000.00,成套住宅,75,市区,2025-05-01 18:38:56
常熟市三友房地产咨询服务部（普通合伙）,湖苑新村一区15幢205,62.12,500000.00,成套住宅,56,市区,2025-05-21 10:15:12
常熟市尚呈房产经纪有限公司,碧溪街道龙腾南路19号铂珺花园11幢404,115.79,1000000.00,成套住宅,100,碧溪新区,2025-05-12 09:13:47
常熟市尚呈房产经纪有限公司,泰安新村23幢202,60.60,600000.00,成套住宅,85,市区,2025-05-19 13:53:28
常熟市尚园房产信息服务部,湖泾新村15幢306,42.54,180000.00,成套住宅,40,市区,2025-05-19 14:18:23
常熟市圣诚房产经纪有限公司,碧溪新区兴庆路1号聚和佳苑16幢2308,125.21,655000.00,成套住宅,65,碧溪新区,2025-05-29 08:55:17
常熟市时光房产经纪服务部,李闸路160号-8幢727,76.06,1400000.00,成套住宅,150,市区,2025-05-12 21:20:39
常熟市时光房产经纪服务部,枫泾新村二区5幢201,58.31,400000.00,成套住宅,45,市区,2025-05-30 10:06:41
常熟市世纪广厦不动产经纪有限公司,东南大道138号湖畔现代城二期108幢503,133.08,870000.00,成套住宅,150,东南开发区,2025-05-09 09:44:20
常熟市世纪广厦不动产经纪有限公司,常熟高新技术产业开发区东南大道138号湖畔现代城三期116幢1206,92.32,300000.00,成套住宅,120,东南开发区,2025-05-22 16:08:50
常熟市顺隆房产经纪有限公司,琴湖家园24幢302,76.99,690000.00,成套住宅,85,市区,2025-05-16 08:50:19
常熟市朔呈房产经纪有限公司,润欣花园D15幢3003,135.06,600000.00,成套住宅,75,市区,2025-05-13 08:29:27
常熟市朔呈房产经纪有限公司,珠江东路68号常客隆信一隆庭2幢1206,146.66,1200000.00,成套住宅,110,市区,2025-05-14 09:39:37
常熟市天诚房地产经纪服务部（普通合伙）,琴川街道香山北路16号中南锦苑18幢1708,141.05,2000000.00,成套住宅,230,市区,2025-05-28 12:49:00
常熟市万城房产经纪咨询有限公司,常熟世茂·世纪中心-创富世纪C幢301,536.98,3080000.00,商业服务,338,市区,2025-05-06 13:17:41
常熟市万城房产经纪咨询有限公司,润欣花园D15幢1609,102.68,680000.00,成套住宅,72,市区,2025-05-28 09:11:24
常熟市万福不动产经纪有限公司,菜园村街126号607,106.87,680000.00,成套住宅,78,市区,2025-05-07 14:41:53
常熟市万福不动产经纪有限公司,常福二区别墅区109幢501,129.26,860000.00,成套住宅,95,市区,2025-05-13 17:05:07
常熟市万福不动产经纪有限公司,常福二区别墅区109幢车库5,22.77,10000.00,车库,1,市区,2025-05-13 17:50:04
常熟市万事通房屋咨询服务有限公司,长江路68号中冶虞山尚园33幢201,141.25,2000000.00,成套住宅,218,市区,2025-05-12 11:25:23
常熟市我爱我家房产中介有限公司,明日星城星海园27幢504,151.69,1000000.00,成套住宅,148,虞山街道,2025-05-18 13:43:07
常熟市新家宜房地产信息咨询服务部（普通合伙）,元和新村三区14幢102,64.42,650000.00,成套住宅,80,市区,2025-05-16 09:58:51
常熟市新凯房产经纪服务部,常熟经济技术开发区高新技术产业园深圳路26号铂克花园10幢车库19,19.80,1000.00,地下车库,1,市区,2025-05-04 13:39:29
常熟市新凯房产经纪服务部,常熟经济技术开发区高新技术产业园深圳路26号铂克花园10幢103,134.94,1000000.00,成套住宅,183,市区,2025-05-04 13:41:40
常熟市新凯房产经纪服务部,锦荷佳苑二区1幢车库22,7.80,1000.00,地下车库,1,市区,2025-05-22 10:02:54
常熟市新凯房产经纪服务部,锦荷佳苑二区1幢602,126.06,1000000.00,成套住宅,120,市区,2025-05-22 10:15:15
常熟市新世纪房产经纪有限公司,"锦绣苑9幢604,锦绣苑9幢20号车库,锦绣苑9幢604室(阁楼)",229.56,1000000.00,"成套住宅,车库,成套住宅",135,市区,2025-05-13 13:56:14
常熟市新世纪房产经纪有限公司,琴湖新村五区25幢203,78.88,500000.00,成套住宅,72,市区,2025-05-14 18:19:14
常熟市新钥匙房产经纪有限公司,碧溪新区平裕南路25号丰乐佳苑2幢804,119.16,770000.00,成套住宅,88,碧溪新区,2025-05-20 13:38:14
常熟市鑫悦房产经纪有限公司,琴川街道凯文路9号琴川碧桂花园7幢1002,96.87,1750000.00,成套住宅,190,市区,2025-05-15 13:44:14
常熟市鑫悦房产经纪有限公司,绿地·常熟老街祥康里9幢606,117.59,820000.00,成套住宅,100,市区,2025-05-16 09:37:10
常熟市鑫悦房产经纪有限公司,香山北路16号中南锦苑3幢2902,95.04,1200000.00,成套住宅,180,市区,2025-05-23 09:30:54
常熟市鸭潭头房屋中介有限公司,"泰安新村65幢车库,泰安新村65幢305",125.48,1120000.00,"车库,成套住宅",115,市区,2025-05-14 08:12:45
常熟市烨城房产经纪有限公司,泰山南路26号中南世纪城9幢2903,141.70,1790000.00,成套住宅,218,市区,2025-05-23 13:03:40
常熟市烨城房产经纪有限公司,琴川街道长江东路88号虞枫家园9幢车库61,11.30,10000.00,车库,1,市区,2025-05-26 10:04:51
常熟市烨城房产经纪有限公司,琴川街道长江东路88号虞枫家园9幢501,77.15,560000.00,成套住宅,68,市区,2025-05-26 10:08:47
常熟市一鸣房产经纪有限公司,枫林路40号清枫和院19幢502,132.04,1350000.00,成套住宅,260,市区,2025-05-10 13:13:13
常熟市仪居房产经纪有限公司,"锦洪苑3幢车库02,锦洪苑3幢302室",223.18,2400000.00,"车库,住宅",300,市区,2025-05-15 10:00:07
常熟市亿枫房地产经纪咨询有限公司,常熟经济技术开发区高新技术产业园锦州路6号望虞花园12幢301,128.93,850000.00,成套住宅,89.8,虞山街道,2025-05-21 14:27:10
常熟市益润房屋中介服务部（普通合伙）,颜港南村二区14幢102,70.75,600000.00,成套住宅,50,市区,2025-05-09 13:38:53
常熟市益润房屋中介服务部（普通合伙）,锁澜北路10号2幢204,66.38,700000.00,成套住宅,80,市区,2025-05-27 13:34:40
常熟市银珠房屋经纪有限公司,尚湖镇永平路58号湖悦澜庭7幢1301,142.67,940000.00,成套住宅,96,尚湖镇,2025-05-08 11:50:00
常熟市银珠房屋经纪有限公司,尚湖镇永平路58号湖悦澜庭11幢901,143.75,820000.00,成套住宅,88,尚湖镇,2025-05-11 16:31:21
常熟市银珠房屋经纪有限公司,尚湖镇永平路58号湖悦澜庭8幢204,142.67,820000.00,成套住宅,94,尚湖镇,2025-05-12 13:30:42
常熟市银珠房屋经纪有限公司,尚湖镇练塘南湖苑39幢1402,86.84,520000.00,成套住宅,55,尚湖镇,2025-05-14 19:20:14
常熟市银珠房屋经纪有限公司,尚湖镇永平路58号湖悦澜庭12幢1502,117.68,820000.00,成套住宅,85,尚湖镇,2025-05-22 08:40:05
常熟市盈家房产经纪有限公司,洪泾里北90号401,74.70,455000.00,成套住宅,51,市区,2025-05-12 19:47:58
常熟市优家房地产经纪有限公司,海虞镇通周路8号海洲新城16幢501,123.47,850000.00,成套住宅,95,海虞镇,2025-05-21 20:05:59
常熟市虞山镇吉盛房屋中介服务部,元和新村三区26幢303,64.42,420000.00,成套住宅,51,市区,2025-05-19 11:27:41
常熟市虞山镇吉盛房屋中介服务部,虞山街道招商西路265号元丰园二区3幢201,86.12,860000.00,成套住宅,108,市区,2025-05-20 12:42:25
常熟市虞山镇吉盛房屋中介服务部,虞山街道招商西路265号元丰园二区25幢101(车库),16.09,30000.00,车库,3,市区,2025-05-22 17:09:27
常熟市虞山镇吉盛房屋中介服务部,虞山街道招商西路265号元丰园二区25幢201,108.43,900000.00,成套住宅,145,市区,2025-05-22 17:23:46
常熟市虞信房产经纪有限公司,常福街道台山路2号璀璨澜庭5幢2001,109.57,1315000.00,成套住宅,131.5,虞山街道,2025-05-29 13:41:42
常熟市虞优房产经纪有限公司,"漕泾新村六区12幢501车库,漕泾新村六区12幢501",135.13,1000000.00,"车库,成套住宅",150,市区,2025-05-22 14:16:57
常熟市宇虹房产经纪有限公司,常福街道广安路2号五新花园32幢1502,108.34,730000.00,成套住宅,75,市区,2025-05-12 13:56:23
常熟市宇虹房产经纪有限公司,琴枫苑翠竹居7幢402,92.42,950000.00,成套住宅,120,市区,2025-05-27 14:01:39
常熟市远城房产经纪有限公司,尚湖镇练塘南湖苑58幢305,61.08,380000.00,成套住宅,50,尚湖镇,2025-05-12 12:53:55
常熟市远城房产经纪有限公司,董浜镇星文路68号华艺天和家园9幢车库02,25.52,38000.00,车库,5.8,董浜镇,2025-05-26 12:38:17
常熟市正达房产经纪服务有限公司,常熟经济技术开发区高新技术产业园深圳路25号景天花园45幢1702,83.60,780000.00,成套住宅,78,市区,2025-05-12 15:18:03
常熟市正达房产经纪服务有限公司,珠海路2号19幢1224,56.70,240000.00,办公,26,常福街道,2025-05-13 08:19:52
常熟市支塘镇园之居房产中介服务部,"支塘镇滋润花园5幢201室,支塘镇滋润花园5幢(车库)03",159.50,675000.00,"成套住宅,车库",88,支塘镇,2025-05-07 19:57:58
常熟市支塘镇园之居房产中介服务部,"支塘镇文昌苑2幢401室,支塘镇文昌苑2幢(车库)09",147.84,640000.00,"成套住宅,车库",80,支塘镇,2025-05-08 13:16:54
常熟市支塘镇园之居房产中介服务部,支塘镇谢圩新村二区2号,180.43,1400000.00,成套住宅,190,支塘镇,2025-05-12 10:05:52
常熟市支塘镇园之居房产中介服务部,支塘镇集贤路105号星奕名筑8幢604,120.55,890000.00,成套住宅,100,支塘镇,2025-05-15 08:57:21
常熟市支塘镇园之居房产中介服务部,支塘镇支川西路8号福地中心6幢110,204.93,500000.00,商业服务,65,支塘镇,2025-05-15 13:42:22
常熟市支塘镇园之居房产中介服务部,支塘镇集贤路8号万豪佳园31幢403,120.34,670000.00,成套住宅,80,支塘镇,2025-05-26 09:04:35
常熟市支塘镇园之居房产中介服务部,支塘镇集贤路105号星奕名筑2幢401,122.06,860000.00,成套住宅,100,支塘镇,2025-05-27 09:49:37
常熟市志信房产中介服务有限公司,颜港北村七区27幢105,55.40,480000.00,成套住宅,73,市区,2025-05-09 08:50:18
常熟市志信房产中介服务有限公司,东南大道111号东湖京华苑京润苑5幢306,135.66,850000.00,成套住宅,110,东南开发区,2025-05-22 12:57:30
常熟市众泰房产经纪有限公司,海虞镇王市路699号七里香庭13幢904,136.56,920000.00,成套住宅,97,海虞镇,2025-05-21 09:57:08
常熟市众信房产经纪服务有限公司,常熟世茂·世纪中心-世纪尚城5幢1607,114.13,1400000.00,成套住宅,150,市区,2025-05-15 20:12:41
常熟市众信房产经纪服务有限公司,海虞镇王市路658号虞澜别院3幢202,130.38,1100000.00,成套住宅,130,海虞镇,2025-05-23 10:12:39
常熟市众信房产经纪服务有限公司,海虞镇圣同路6号望虞水岸嘉园2幢303,136.13,1040000.00,成套住宅,128,海虞镇,2025-05-26 11:57:49
常熟市卓佳房产经纪有限公司,海虞镇周行东街3号紫宸名筑11幢504,125.61,1120000.00,成套住宅,116,海虞镇,2025-05-08 13:46:58
常熟市卓兴房产中介服务有限公司,沙家浜镇昆承湖东路88号富丽庄园29幢1006,128.62,800000.00,成套住宅,115,沙家浜镇,2025-05-14 09:15:20
常熟天和房地产经纪有限公司,"百盛花园二区13幢车库459,百盛花园二区13幢403",106.81,670000.00,"车库,成套住宅",,市区,2025-05-04 10:58:43
常熟天和房地产经纪有限公司,东南大道111号东湖京华苑京盛苑5幢401,141.02,735000.00,成套住宅,,市区,2025-05-06 09:11:13
常熟天和房地产经纪有限公司,长江路263号201,60.51,800000.00,成套住宅,,市区,2025-05-06 09:25:06
常熟天和房地产经纪有限公司,虞山街道翡翠路66号见山湖别院10幢302,145.43,1418000.00,成套住宅,,市区,2025-05-06 13:57:46
常熟天和房地产经纪有限公司,虞山街道天香路1号镜湖宸院6幢503,129.14,1080000.00,成套住宅,,市区,2025-05-07 09:29:51
常熟天和房地产经纪有限公司,"金山苑二区15幢车库03,金山苑二区15幢401室,金山苑二区15幢401,金山苑二区15幢车库01,金山苑二区15幢401室(阁楼01)",276.05,1240000.00,"车库,住宅,成套住宅,车库,住宅",,市区,2025-05-08 08:46:47
常熟天和房地产经纪有限公司,李闸路96号2幢101,79.60,1088000.00,成套住宅,,市区,2025-05-08 08:52:04
常熟天和房地产经纪有限公司,明日星城星海园27幢502,140.58,1000000.00,成套住宅,,市区,2025-05-08 08:55:57
常熟天和房地产经纪有限公司,琴川街道红梅路6号紫云名邸11幢802,187.66,2980000.00,成套住宅,,市区,2025-05-08 09:30:00
常熟天和房地产经纪有限公司,虞山街道天香路6号湖语尚院20幢104,267.12,2950000.00,成套住宅,,虞山街道,2025-05-08 09:53:25
常熟天和房地产经纪有限公司,"五星新村三区46幢301,五星新村三区46幢301车库",99.91,800000.00,"成套住宅,车库",,市区,2025-05-08 13:15:36
常熟天和房地产经纪有限公司,泰山南路18号中南世纪城85幢704,141.70,1688000.00,成套住宅,,市区,2025-05-08 13:42:50
常熟天和房地产经纪有限公司,常熟世茂·世纪中心-世纪尚城2幢301,189.14,1800000.00,成套住宅,,市区,2025-05-08 13:46:10
常熟天和房地产经纪有限公司,"东南大道111号东湖京华苑京玉苑1幢402,东南大道111号东湖京华苑京玉苑1幢-108,东南大道111号东湖京华苑京玉苑1幢-107",148.02,790000.00,"成套住宅,储藏室,储藏室",,市区,2025-05-08 14:34:48
常熟天和房地产经纪有限公司,绿地·常熟老街泰和坊7幢806,136.72,1200000.00,成套住宅,,市区,2025-05-08 14:44:28
常熟天和房地产经纪有限公司,琴川街道香山北路16号中南锦苑17幢1704,119.71,2238000.00,成套住宅,,市区,2025-05-09 09:24:27
常熟天和房地产经纪有限公司,琴川街道庙港路46号和光晨樾花园11幢203,100.21,1180000.00,成套住宅,,市区,2025-05-09 09:43:27
常熟天和房地产经纪有限公司,琴川街道昆承南路99号中南虞锦城2幢1709,143.60,1560000.00,成套住宅,180,市区,2025-05-09 10:29:33
常熟天和房地产经纪有限公司,沙家浜镇阳澄北路8号水畔华庭5幢301,107.57,750000.00,成套住宅,,沙家浜镇,2025-05-09 12:47:51
常熟天和房地产经纪有限公司,明日星城城欣园45幢1405,129.48,1025000.00,成套住宅,,市区,2025-05-09 13:24:15
常熟天和房地产经纪有限公司,常熟世茂·世纪中心-世纪尚城5幢207,114.13,970000.00,成套住宅,,市区,2025-05-09 13:49:46
常熟天和房地产经纪有限公司,常熟高新技术产业开发区东南大道33号金狮薇尼诗花园26幢606,88.68,635000.00,成套住宅,,市区,2025-05-10 09:24:33
常熟天和房地产经纪有限公司,常熟高新技术产业开发区东南大道33号金狮薇尼诗花园18幢112,89.99,520000.00,成套住宅,,东南开发区,2025-05-10 09:50:59
常熟天和房地产经纪有限公司,荣安·尚湖中央花园1幢1012,119.39,800000.00,成套住宅,,市区,2025-05-11 17:39:18
常熟天和房地产经纪有限公司,常熟经济技术开发区高新技术产业园深圳路25号景天花园39幢2702,79.62,780000.00,成套住宅,,市区,2025-05-12 08:55:33
常熟天和房地产经纪有限公司,"青洲河沿28幢车库7,青洲河沿28幢401",113.06,655000.00,"车库,成套住宅",,市区,2025-05-12 09:20:54
常熟天和房地产经纪有限公司,常熟老街集贤村5幢508,77.93,538000.00,成套住宅,,市区,2025-05-12 10:00:39
常熟天和房地产经纪有限公司,明日星城城欣园30幢车库37,7.44,5000.00,车库,,市区,2025-05-12 13:23:51
常熟天和房地产经纪有限公司,明日星城城欣园30幢1104,201.33,1660000.00,成套住宅,,市区,2025-05-12 13:24:36
常熟天和房地产经纪有限公司,常熟高新技术产业开发区东南大道98号东南世纪华庭6幢102,99.75,718000.00,成套住宅,,东南开发区,2025-05-12 13:49:13
常熟天和房地产经纪有限公司,琴川街道杨虹路5号棠悦名筑8幢604,116.09,1386000.00,成套住宅,,市区,2025-05-12 14:05:38
常熟天和房地产经纪有限公司,颜港北村七区11幢304,58.86,405000.00,成套住宅,,市区,2025-05-12 16:38:33
常熟天和房地产经纪有限公司,绿地·常熟老街同德坊12幢506,121.36,890000.00,成套住宅,,市区,2025-05-13 09:18:18
常熟天和房地产经纪有限公司,"虞山镇(莫城)东尖路6号6幢504,虞山镇(莫城)东尖路6号6幢Z01(车库)",115.03,620000.00,"成套住宅,车库",,莫城街道,2025-05-13 09:43:24
常熟天和房地产经纪有限公司,泰慈苑6幢603,170.18,1350000.00,成套住宅,,市区,2025-05-13 12:58:03
常熟天和房地产经纪有限公司,珠江路176号国贸广场A栋2302,143.77,1500000.00,成套住宅,,市区,2025-05-13 14:03:36
常熟天和房地产经纪有限公司,虞山镇昆承南路99号中南虞锦城9幢1002,80.04,500000.00,成套住宅,,市区,2025-05-13 17:07:57
常熟天和房地产经纪有限公司,"五星新村七区9幢602,五星新村七区9幢602车库",109.48,800000.00,"成套住宅,车库",,市区,2025-05-14 08:57:05
常熟天和房地产经纪有限公司,常福街道金陵路1号虞宸源筑5幢1604,116.20,890000.00,成套住宅,,市区,2025-05-14 09:22:14
常熟天和房地产经纪有限公司,"五星新村六区49幢202,五星新村六区49幢202车库",91.29,800000.00,"成套住宅,车库",,市区,2025-05-14 09:32:22
常熟天和房地产经纪有限公司,沙家浜镇潘滃路8号珺睿华庭11幢203,137.06,1360000.00,成套住宅,,沙家浜镇,2025-05-14 10:07:04
常熟天和房地产经纪有限公司,绿地·常熟老街泰和坊8幢1301,128.13,870000.00,成套住宅,,市区,2025-05-14 13:20:06
常熟天和房地产经纪有限公司,琴枫苑紫兰居5幢407,113.22,1210000.00,成套住宅,,市区,2025-05-14 13:22:49
常熟天和房地产经纪有限公司,中南世纪城2幢3203,194.18,2800000.00,成套住宅,,市区,2025-05-14 14:26:05
常熟天和房地产经纪有限公司,明日星城城欣园41幢1401,112.15,800000.00,成套住宅,,市区,2025-05-14 18:22:25
常熟天和房地产经纪有限公司,五星新村一区10幢601,80.62,750000.00,成套住宅,,市区,2025-05-15 08:47:11
常熟天和房地产经纪有限公司,琴川街道宝山路6号河滨花园3幢203,143.18,3000000.00,成套住宅,,市区,2025-05-15 10:04:41
常熟天和房地产经纪有限公司,古里镇银河路8号金域蓝湾三区10幢1105,86.68,700000.00,成套住宅,,市区,2025-05-15 13:29:09
常熟天和房地产经纪有限公司,明日星城明晖园22幢1304,156.25,1290000.00,成套住宅,,市区,2025-05-16 09:03:50
常熟天和房地产经纪有限公司,"常福新村三区17幢303,常福新村三区17幢车库14",90.56,550000.00,"成套住宅,车库",,市区,2025-05-16 13:12:23
常熟天和房地产经纪有限公司,明日星城城欣园18幢502,178.59,1250000.00,成套住宅,159,市区,2025-05-16 13:45:37
常熟天和房地产经纪有限公司,润欣花园D14幢3101,157.38,1000000.00,成套住宅,,市区,2025-05-16 14:52:28
常熟天和房地产经纪有限公司,东南大道111号东湖京华苑京润苑1幢404,140.11,500000.00,成套住宅,,市区,2025-05-16 19:34:30
常熟天和房地产经纪有限公司,琴川街道凯文路9号琴川碧桂花园1幢501,140.22,2200000.00,成套住宅,,市区,2025-05-17 08:31:52
常熟天和房地产经纪有限公司,东南街道福盛路310号青藤和筑1幢2006,97.39,1010000.00,成套住宅,,东南开发区,2025-05-17 08:55:09
常熟天和房地产经纪有限公司,常福街道台山路2号璀璨澜庭5幢203,91.96,1020000.00,成套住宅,,市区,2025-05-17 09:12:16
常熟天和房地产经纪有限公司,绿地·常熟老街同德坊5幢1104,105.12,770000.00,成套住宅,,市区,2025-05-17 09:22:26
常熟天和房地产经纪有限公司,汇文路1号中江广场2号楼1803,76.59,500000.00,商业服务,,市区,2025-05-17 12:49:44
常熟天和房地产经纪有限公司,海虞北路88号421,51.10,240000.00,商业服务,,市区,2025-05-17 13:34:52
常熟天和房地产经纪有限公司,关帝弄56号1幢108,53.94,432000.00,成套住宅,,市区,2025-05-19 08:24:11
常熟天和房地产经纪有限公司,泰山南路26号中南世纪城12幢2906,142.27,1580000.00,成套住宅,,市区,2025-05-19 09:11:50
常熟天和房地产经纪有限公司,支塘镇集贤路105号星奕名筑2幢1104,120.89,900000.00,成套住宅,100,碧溪新区,2025-05-19 09:38:09
常熟天和房地产经纪有限公司,李闸路96号1幢303,78.76,820000.00,成套住宅,,市区,2025-05-19 09:57:13
常熟天和房地产经纪有限公司,琴川街道宝山路8号虞悦豪庭19幢905,117.53,1930000.00,成套住宅,220,市区,2025-05-19 10:01:42
常熟天和房地产经纪有限公司,五星新村二区20幢403,65.60,830000.00,成套住宅,,市区,2025-05-19 10:14:10
常熟天和房地产经纪有限公司,五星新村六区53幢603,85.24,795000.00,成套住宅,,市区,2025-05-19 12:54:15
常熟天和房地产经纪有限公司,虞山镇勤丰路18号琴川嘉安花园9幢1004,88.16,826000.00,成套住宅,,市区,2025-05-19 13:01:28
常熟天和房地产经纪有限公司,勤丰路60号锦虹家园1幢901,140.52,1236000.00,成套住宅,,市区,2025-05-19 14:03:11
常熟天和房地产经纪有限公司,五星新村二区9幢501,59.50,600000.00,成套住宅,,市区,2025-05-19 16:22:09
常熟天和房地产经纪有限公司,绿地-常熟老街花园坊2幢402,199.69,1430000.00,成套住宅,,市区,2025-05-19 19:34:44
常熟天和房地产经纪有限公司,绿地·常熟老街泰和坊7幢2404,100.07,790000.00,成套住宅,,市区,2025-05-20 08:57:14
常熟天和房地产经纪有限公司,古里镇元枫路16号金域蓝湾四区20幢1304,109.74,870000.00,成套住宅,,市区,2025-05-20 09:12:24
常熟天和房地产经纪有限公司,东南大道111号东湖京华苑京昌苑4幢502,114.89,870000.00,成套住宅,120,东南开发区,2025-05-20 10:24:09
常熟天和房地产经纪有限公司,虞山镇香山南路11号琴湖花园7幢1302,98.43,750000.00,成套住宅,,市区,2025-05-20 12:59:16
常熟天和房地产经纪有限公司,常福街道常福路77号香溢璟庭19幢502,106.75,1400000.00,成套住宅,188,常福街道,2025-05-20 13:35:27
常熟天和房地产经纪有限公司,"明日星城明晖园6幢802,明日星城明晖园6幢802阁楼,明日星城明晖园6幢08车库",149.24,1000000.00,"成套住宅,住宅,车库",,市区,2025-05-20 14:09:38
常熟天和房地产经纪有限公司,琴川街道新世纪大道77号美丽华凤凰商业中心2幢1901,75.41,500000.00,服务型公寓,,市区,2025-05-21 09:10:25
常熟天和房地产经纪有限公司,常熟老街集贤村4幢401,81.80,640000.00,成套住宅,,市区,2025-05-21 09:30:08
常熟天和房地产经纪有限公司,沙家浜镇阳澄北路58号春来家园10幢305,107.41,560000.00,成套住宅,,沙家浜镇,2025-05-21 09:31:39
常熟天和房地产经纪有限公司,深圳路36号中南锦城7幢804,119.37,1350000.00,成套住宅,,市区,2025-05-21 09:46:32
常熟天和房地产经纪有限公司,泰山南路18号中南世纪城97幢3101,128.22,1450000.00,成套住宅,,琴川街道,2025-05-21 09:49:06
常熟天和房地产经纪有限公司,泰安新村37幢303,63.91,600000.00,成套住宅,,市区,2025-05-21 10:12:21
常熟天和房地产经纪有限公司,东南大道111号东湖京华苑京盛苑7幢502,129.74,780000.00,成套住宅,,市区,2025-05-21 10:13:38
常熟天和房地产经纪有限公司,东南大道111号东湖京华苑京盛苑7幢-130,13.92,500.00,储藏室,,市区,2025-05-21 10:15:25
常熟天和房地产经纪有限公司,泰山南路26号中南世纪城12幢2602,100.57,1370000.00,成套住宅,,市区,2025-05-21 10:17:36
常熟天和房地产经纪有限公司,古里镇文学街555号东宸铭筑17幢1503,142.84,1290000.00,成套住宅,,市区,2025-05-21 10:55:30
常熟天和房地产经纪有限公司,琴川街道昆承南路99号中南虞锦城3幢507,133.03,1300000.00,成套住宅,,市区,2025-05-21 13:36:32
常熟天和房地产经纪有限公司,"谢桥枫苑三区19号,谢桥枫苑三区19号(阁楼),谢桥枫苑三区19号",297.51,2280000.00,"住宅,成套住宅,成套住宅",,市区,2025-05-21 14:07:08
常熟天和房地产经纪有限公司,富康苑15幢603,157.22,780000.00,成套住宅,,市区,2025-05-21 14:33:57
常熟天和房地产经纪有限公司,富康苑15幢车库15,26.26,8000.00,车库,,市区,2025-05-21 14:36:40
常熟天和房地产经纪有限公司,"润欣花园C-10幢403,润欣花园C-10幢403室,润欣花园C-10幢车库13",214.38,1430000.00,"成套住宅,住宅,车库",,市区,2025-05-21 15:07:57
常熟天和房地产经纪有限公司,五星新村三区36幢303,77.30,740000.00,成套住宅,,市区,2025-05-22 08:43:33
常熟天和房地产经纪有限公司,"漕泾新村三区14幢201,漕泾新村三区14幢201车库",86.46,1055000.00,"成套住宅,车库",,市区,2025-05-22 09:16:38
常熟天和房地产经纪有限公司,明日星城城欣园43幢1406,113.63,750000.00,成套住宅,,市区,2025-05-22 09:36:38
常熟天和房地产经纪有限公司,常熟高新技术产业开发区金都路9号凯悦金领公寓1幢1503,66.99,250000.00,商业服务,,东南开发区,2025-05-22 13:22:27
常熟天和房地产经纪有限公司,五星新村三区29幢301,60.44,826000.00,成套住宅,90,市区,2025-05-22 13:32:52
常熟天和房地产经纪有限公司,常熟高新技术产业开发区黄浦江路199号1幢807,76.47,380000.00,办公,,东南开发区,2025-05-22 13:51:20
常熟天和房地产经纪有限公司,绿地·常熟老街余庆坊11幢902,107.50,1145000.00,成套住宅,,市区,2025-05-22 14:54:40
常熟天和房地产经纪有限公司,湖苑新村二区6幢205,55.30,590000.00,成套住宅,,市区,2025-05-23 09:30:36
常熟天和房地产经纪有限公司,常福街道大义新村路117号五新花园13幢502,162.80,760000.00,成套住宅,,市区,2025-05-23 09:55:00
常熟天和房地产经纪有限公司,"九鑫园10幢车库06,九鑫园10幢车库07,九鑫园10幢202",134.28,960000.00,"车库,车库,成套住宅",,市区,2025-05-23 10:27:01
常熟天和房地产经纪有限公司,常福街道深圳路36号中南锦城2幢3204,130.87,920000.00,成套住宅,,市区,2025-05-24 08:57:09
常熟天和房地产经纪有限公司,虞山镇香山南路11号琴湖花园6幢3002,98.43,800000.00,成套住宅,,市区,2025-05-24 09:02:26
常熟天和房地产经纪有限公司,五星新村七区21幢401,72.00,1075500.00,成套住宅,,市区,2025-05-24 09:58:02
常熟天和房地产经纪有限公司,五星新村七区21幢车库,11.87,500.00,车库,,市区,2025-05-24 09:59:49
常熟天和房地产经纪有限公司,漕泾新村二区1幢车库,10.43,5000.00,车库,,市区,2025-05-24 10:39:05
常熟天和房地产经纪有限公司,漕泾新村二区1幢504,64.85,915000.00,成套住宅,,市区,2025-05-24 10:41:24
常熟天和房地产经纪有限公司,阜湖新村32号1幢202,30.10,320000.00,成套住宅,,市区,2025-05-24 14:04:23
常熟天和房地产经纪有限公司,尚湖镇永平路58号湖悦澜庭11幢1502,143.75,790000.00,成套住宅,,尚湖镇,2025-05-24 14:26:07
常熟天和房地产经纪有限公司,海虞南路蓝天家园1幢3505,149.15,1005000.00,成套住宅,,市区,2025-05-26 08:53:09
常熟天和房地产经纪有限公司,虞山街道翡翠路66号见山湖别院11幢501,144.99,1500000.00,成套住宅,180,虞山街道,2025-05-26 09:45:37
常熟天和房地产经纪有限公司,"常福新村三区23幢车库29,常福新村三区23幢505",97.32,658000.00,"车库,成套住宅",,市区,2025-05-26 10:56:14
常熟天和房地产经纪有限公司,报慈北村一区23幢301,61.10,480000.00,成套住宅,,市区,2025-05-26 13:11:06
常熟天和房地产经纪有限公司,漕泾新村五区16幢405,70.70,960000.00,成套住宅,,市区,2025-05-26 13:49:32
常熟天和房地产经纪有限公司,虞山街道尚湖玫瑰园18幢308,153.21,1900000.00,成套住宅,,市区,2025-05-26 14:10:53
常熟天和房地产经纪有限公司,虞山街道尚湖玫瑰园18幢-108,48.91,80000.00,地下室,,市区,2025-05-26 14:12:34
常熟天和房地产经纪有限公司,富阳路16号1幢907,127.96,950000.00,成套住宅,,市区,2025-05-26 14:29:36
常熟天和房地产经纪有限公司,"菜园村街128号车库,菜园村街128号402",135.39,798000.00,"车库,成套住宅",,市区,2025-05-26 15:57:14
常熟天和房地产经纪有限公司,碧溪街道江海路99号源江筑14幢804,101.72,740000.00,成套住宅,,碧溪新区,2025-05-27 09:18:27
常熟天和房地产经纪有限公司,东南大道111号东湖京华苑京润苑4幢2007,140.06,900000.00,成套住宅,,东南开发区,2025-05-27 09:32:28
常熟天和房地产经纪有限公司,常熟经济技术开发区青春路10号春江名筑8幢101,115.63,1120000.00,成套住宅,,市区,2025-05-27 09:47:03
常熟天和房地产经纪有限公司,报慈北村二区10幢203,64.30,401000.00,成套住宅,,市区,2025-05-27 10:50:06
常熟天和房地产经纪有限公司,泰安新村18幢102,56.82,500000.00,成套住宅,,市区,2025-05-27 13:33:41
常熟天和房地产经纪有限公司,绿地·常熟老街泰德坊4幢1205,85.13,660000.00,成套住宅,,市区,2025-05-27 16:34:42
常熟天和房地产经纪有限公司,中南世纪城3幢1102,100.96,1100000.00,成套住宅,,市区,2025-05-28 09:30:11
常熟天和房地产经纪有限公司,琴枫苑雪梅居17幢401,230.53,1958000.00,成套住宅,,市区,2025-05-28 10:30:48
常熟天和房地产经纪有限公司,琴川街道香山北路16号中南锦苑18幢102,64.44,790000.00,成套住宅,,市区,2025-05-28 13:32:26
常熟天和房地产经纪有限公司,绿地·常熟老街承德坊1幢1103,94.51,900000.00,成套住宅,,市区,2025-05-28 14:13:00
常熟天和房地产经纪有限公司,东南大道138号湖畔现代城三期117幢2904,140.08,1030000.00,成套住宅,,市区,2025-05-28 14:29:01
常熟天和房地产经纪有限公司,琴川街道新沈路5号湖湾天境花园1幢901,142.24,1300000.00,成套住宅,,市区,2025-05-28 19:39:40
常熟天和房地产经纪有限公司,宝山路88号公望花园5幢1101,124.61,1800000.00,成套住宅,,市区,2025-05-29 09:28:55
常熟天和房地产经纪有限公司,香山苑17幢301,77.50,760000.00,成套住宅,86,市区,2025-05-29 10:17:24
常熟天和房地产经纪有限公司,虞山镇莫城马泾路1号嘉湖景园30幢1301,142.72,850000.00,成套住宅,,常福街道,2025-05-29 13:26:32
常熟天和房地产经纪有限公司,虞山镇香山南路11号琴湖花园5幢1505,96.90,930000.00,成套住宅,,市区,2025-05-29 14:09:16
常熟天和房地产经纪有限公司,润欣花园D18幢3207,97.15,700000.00,成套住宅,,市区,2025-05-30 09:09:39
常熟天和房地产经纪有限公司,古里镇黄山路315号虞东时代广场7幢617,47.76,165000.00,服务型公寓,,古里镇,2025-05-30 09:38:14
常熟天和房地产经纪有限公司,五星新村六区12幢603,71.20,650000.00,成套住宅,,市区,2025-05-30 13:14:10
常熟万居房产经纪有限公司,百盛花园南区4幢407,79.77,620000.00,成套住宅,65,市区,2025-05-09 10:32:02
常熟万居房产经纪有限公司,百盛花园南区4幢车库05,10.56,10000.00,车库,1,市区,2025-05-09 10:49:41
常熟万居房产经纪有限公司,东南街道福茂路200号青藤雅苑7幢1503,94.98,1180000.00,成套住宅,121.5,东南开发区,2025-05-15 11:38:37
常熟万居房产经纪有限公司,琴川街道庙港路5号明月兰庭7幢1303,178.23,2780000.00,成套住宅,278,市区,2025-05-28 14:13:09
常熟蜗牛找房网络科技有限公司,琴川街道华汇路8号琴颂雅院9幢501,138.90,3080000.00,成套住宅,308,琴川街道,2025-05-07 09:18:18
常熟蜗牛找房网络科技有限公司,东南街道福茂路200号青藤雅苑12幢908,116.79,1228888.00,成套住宅,123,东南开发区,2025-05-08 09:00:43
常熟蜗牛找房网络科技有限公司,"常熟世茂·世纪中心-创梦世纪60幢102,常熟世茂·世纪中心-创梦世纪60幢04号车库,常熟世茂·世纪中心-创梦世纪59、60幢(102)",286.86,4400000.00,"成套住宅,地下车库,成套住宅",550,市区,2025-05-08 12:24:54
常熟蜗牛找房网络科技有限公司,常熟高新技术产业开发区珠泾路6号中欧大厦712,52.79,260000.00,办公,30,市区,2025-05-19 09:03:30
常熟蜗牛找房网络科技有限公司,常福街道柳州路98号星樾名筑9幢1004,133.10,2060000.00,成套住宅,206,市区,2025-05-26 12:36:27
常熟新汇房产经纪有限公司,琴川街道宝山路88号公望花园7幢2501,116.26,1500000.00,成套住宅,226.6,市区,2025-05-28 13:02:53
常熟新起点房产营销策划有限公司,名绅豪园53幢,279.24,4000000.00,成套住宅,600,市区,2025-05-03 10:06:22
常熟新起点房产营销策划有限公司,沙家浜镇宝宸湖庄77号,194.00,14000000.00,成套住宅,2000,沙家浜镇,2025-05-10 11:17:42
常熟新起点房产营销策划有限公司,虞山南路96号山水桃源山庄19幢105,329.30,3100000.00,成套住宅,350,市区,2025-05-30 10:28:09
常熟轩来房产营销策划有限公司,碧溪新区虹桥路101号聚和佳苑58幢1102,58.56,380000.00,成套住宅,45,碧溪新区,2025-05-30 13:03:54
常熟亿居房产经纪有限公司,"荣安·尚湖中央花园1幢1812,荣安·尚湖中央花园1幢1812(1812跃)",185.60,1140000.00,"成套住宅,成套住宅",140,市区,2025-05-06 10:01:25
常熟亿居房产经纪有限公司,"湖苑新村三区37幢1号车库,湖苑新村三区37幢203",124.34,708000.00,"车库,成套住宅",100,市区,2025-05-07 10:25:38
常熟亿居房产经纪有限公司,虞园新村二区32幢502,62.00,975000.00,成套住宅,120,市区,2025-05-07 14:37:03
常熟亿居房产经纪有限公司,漕泾新村一区71幢303,79.30,1000000.00,成套住宅,128,市区,2025-05-08 11:43:39
常熟亿居房产经纪有限公司,漕泾新村一区67幢车库25,10.26,10000.00,车库,1,市区,2025-05-08 12:04:20
常熟亿居房产经纪有限公司,琴川街道达海路188号琴东雅苑17幢201,111.21,1270000.00,成套住宅,148,市区,2025-05-09 08:58:48
常熟亿居房产经纪有限公司,虞山镇莫干路62号燕兴佳苑7幢1501,111.73,655000.00,成套住宅,85,市区,2025-05-09 14:02:38
常熟亿居房产经纪有限公司,勤丰路268号世茂玉珑花园8幢1302,179.40,1740000.00,成套住宅,258,市区,2025-05-13 09:04:06
常熟亿居房产经纪有限公司,常熟经济技术开发区高新技术产业园深圳路25号景天花园40幢608,113.37,1030000.00,成套住宅,115,市区,2025-05-15 08:56:45
常熟亿居房产经纪有限公司,报慈北村二区5幢204,58.50,350000.00,成套住宅,68,市区,2025-05-16 09:02:46
常熟亿居房产经纪有限公司,菱塘北路10号302,75.65,540000.00,成套住宅,75,市区,2025-05-16 09:29:03
常熟亿居房产经纪有限公司,海虞北路5号华府世家2幢2104,69.75,500000.00,成套住宅,70,市区,2025-05-16 13:54:20
常熟亿居房产经纪有限公司,湖苑新村一区24幢103,62.29,300000.00,成套住宅,68,市区,2025-05-17 14:27:18
常熟亿居房产经纪有限公司,香山苑15幢404,210.63,1580000.00,成套住宅,208,市区,2025-05-20 09:08:09
常熟亿居房产经纪有限公司,香山苑15幢车库13,38.61,10000.00,车库,1,市区,2025-05-20 09:25:14
常熟亿居房产经纪有限公司,香山苑15幢车库17,13.94,10000.00,车库,1,市区,2025-05-20 09:39:09
常熟亿居房产经纪有限公司,泰山南路26号中南世纪城11幢1205,124.75,1200000.00,成套住宅,168,市区,2025-05-21 12:18:16
常熟亿居房产经纪有限公司,莫城街道和莫路26号翰和苑2幢803,100.30,900000.00,成套住宅,115,市区,2025-05-22 09:36:47
常熟亿居房产经纪有限公司,菱塘北村五弄11幢302,55.02,250000.00,成套住宅,50,市区,2025-05-22 16:35:38
常熟亿居房产经纪有限公司,琴川街道达海路188号琴东雅苑20幢603,119.20,1800000.00,成套住宅,260,市区,2025-05-23 12:56:43
常熟亿居房产经纪有限公司,明日星城第五园2幢3407,139.74,1055000.00,成套住宅,130,市区,2025-05-26 13:08:49
常熟亿居房产经纪有限公司,南海路7号5幢1007,104.08,900000.00,成套住宅,125,市区,2025-05-27 18:45:16
常熟亿居房产经纪有限公司,绿地·常熟老街余庆坊20幢501,97.19,800000.00,成套住宅,118,市区,2025-05-28 09:14:35
常熟亿居房产经纪有限公司,"漕泾新村二区27幢603车库,漕泾新村二区27幢603",82.73,830000.00,"车库,成套住宅",125,市区,2025-05-30 08:11:42
常熟永旺房地产经纪有限公司,琴川街道庙港路5号明月兰庭9幢101,128.05,1450000.00,成套住宅,160,市区,2025-05-17 15:52:59
常熟永旺房地产经纪有限公司,东南街道大滃江路50号悦湖雅苑7幢801,137.51,1500000.00,成套住宅,198,东南开发区,2025-05-29 11:03:33
常熟元博房产经纪有限公司,长江路267-307号406,99.35,800000.00,成套住宅,105,市区,2025-05-03 10:13:34
常熟元博房产经纪有限公司,海虞南路蓝天家园5幢1609,109.91,800000.00,成套住宅,98,市区,2025-05-05 09:23:09
常熟元博房产经纪有限公司,泰山南路26号中南世纪城10幢1604,138.75,1000000.00,成套住宅,205,市区,2025-05-08 10:03:24
常熟元博房产经纪有限公司,琴川街道闽江东路11号常熟世茂世纪中心3幢2216,56.03,200000.00,商务办公,36,市区,2025-05-08 14:09:14
常熟元博房产经纪有限公司,"常熟世茂·世纪中心-创梦世纪33幢101,常熟世茂·世纪中心-创梦世纪33幢车库02",259.18,3840000.00,"成套住宅,地下车库",400,市区,2025-05-09 20:30:52
常熟元博房产经纪有限公司,中江广场1号楼B1603,83.19,500000.00,商业服务,65,市区,2025-05-11 11:19:54
常熟元博房产经纪有限公司,"金山苑一区8幢14号车库,金山苑一区8幢205",241.28,1200000.00,"车库,成套住宅",178,市区,2025-05-13 09:29:49
常熟元博房产经纪有限公司,"虞园新村二区75幢车库3,虞园新村二区75幢201",187.11,1500000.00,"车库,成套住宅",185,市区,2025-05-15 16:39:06
常熟元博房产经纪有限公司,甸桥新村一区19幢304,58.53,300000.00,成套住宅,36,市区,2025-05-17 12:49:59
常熟元博房产经纪有限公司,古里镇黄山路283号虞东雅苑1幢606,114.11,1000000.00,成套住宅,105,市区,2025-05-19 13:07:37
常熟元博房产经纪有限公司,琴川街道宝山路88号公望花园16幢2603,95.67,1820000.00,成套住宅,205,市区,2025-05-19 13:28:17
常熟元博房产经纪有限公司,虞园新村二区61幢104,68.45,780000.00,成套住宅,105,市区,2025-05-19 18:26:04
常熟元博房产经纪有限公司,琴川街道宝山路88号公望花园22幢2701,116.23,1720000.00,成套住宅,220,市区,2025-05-20 12:33:47
常熟元博房产经纪有限公司,勤丰路88号海上一品花园13幢10,219.85,2200000.00,成套住宅,500,市区,2025-05-21 13:09:23
常熟元博房产经纪有限公司,香山北路16号中南锦苑10幢1906,96.41,1200000.00,成套住宅,166,琴川街道,2025-05-24 14:01:48
常熟元博房产经纪有限公司,泰山南路18号中南世纪城92幢2108,123.43,1850000.00,成套住宅,228,市区,2025-05-26 19:02:11
常熟元博房产经纪有限公司,泰山南路26号中南世纪城15幢2005,98.06,900000.00,成套住宅,140,市区,2025-05-27 13:37:11
常熟元博房产经纪有限公司,富康苑17幢车库24,26.18,5000.00,车库,1,市区,2025-05-29 09:07:48
常熟元博房产经纪有限公司,富康苑17幢604,156.69,600000.00,成套住宅,80,市区,2025-05-29 09:16:48
常熟元博房产经纪有限公司,琴川街道昭文路100号梧桐苑5幢302,184.48,2000000.00,成套住宅,303,市区,2025-05-29 19:18:11
常熟元博房产经纪有限公司,菱塘北村三弄17幢101,48.86,440000.00,成套住宅,53,市区,2025-05-30 13:20:45
常熟园之家房产经纪有限公司,琴川街道凯文路2号金桂家园39幢803,129.38,1420000.00,成套住宅,188,市区,2025-05-26 09:18:55
常熟云济房产经纪有限公司,虞山街道翡翠路36号尚湖玫瑰园东区9幢306,89.16,1100000.00,成套住宅,115,市区,2025-05-28 09:48:50
常熟致园房产经纪有限公司,山前街80号7幢102,57.55,436000.00,成套住宅,50,市区,2025-05-23 09:12:00
常熟众联世纪房地产咨询有限公司,海虞北路88号1323,77.82,370000.00,商业服务,40,市区,2025-05-06 08:50:57
常熟众联世纪房地产咨询有限公司,南海路9号1幢704,143.39,1230000.00,成套住宅,126.8,市区,2025-05-07 09:16:42
常熟众联世纪房地产咨询有限公司,虞山镇大义红旗路51号尚林苑7幢504,107.52,700000.00,成套住宅,68,市区,2025-05-07 12:07:37
常熟众联世纪房地产咨询有限公司,琴川街道静海路21号紫誉华庭7幢304,126.14,2010000.00,成套住宅,205,市区,2025-05-07 13:26:24
常熟众联世纪房地产咨询有限公司,常熟经济技术开发区高新技术产业园联丰东路68号星宝花园19幢车库19,9.15,5000.00,地下车库,1,市区,2025-05-08 12:52:05
常熟众联世纪房地产咨询有限公司,常熟经济技术开发区高新技术产业园联丰东路68号星宝花园19幢503,125.59,1595000.00,成套住宅,159,市区,2025-05-08 13:12:54
常熟众联世纪房地产咨询有限公司,常熟经济技术开发区高新技术产业园深圳路25号景天花园41幢908,114.85,1110000.00,成套住宅,115,市区,2025-05-09 10:19:58
常熟众联世纪房地产咨询有限公司,琴川街道香山北路16号中南锦苑21幢2803,122.26,1800000.00,成套住宅,199,市区,2025-05-09 13:19:34
常熟众联世纪房地产咨询有限公司,新世纪大道75号A座3303,42.59,260000.00,商业服务,28.5,市区,2025-05-10 13:06:52
常熟众联世纪房地产咨询有限公司,常熟高新技术产业开发区东南大道59-83号309,49.66,240000.00,办公,,东南开发区,2025-05-12 08:57:55
常熟众联世纪房地产咨询有限公司,荣安·尚湖中央花园30幢702,122.86,830000.00,成套住宅,,市区,2025-05-12 13:39:12
常熟众联世纪房地产咨询有限公司,明日星城第五园6幢1101,114.80,910000.00,成套住宅,95,市区,2025-05-13 08:43:19
常熟众联世纪房地产咨询有限公司,珠海路2号18幢1309,56.70,215000.00,办公,23.2,市区,2025-05-13 12:35:50
常熟众联世纪房地产咨询有限公司,绿地·常熟老街泰和坊6幢1904,106.50,690000.00,成套住宅,85,市区,2025-05-13 13:12:28
常熟众联世纪房地产咨询有限公司,碧溪街道龙腾南路19号铂珺花园8幢1403,88.13,710000.00,成套住宅,71,碧溪新区,2025-05-13 14:35:43
常熟众联世纪房地产咨询有限公司,绿地·常熟老街同德坊1幢903,91.13,710000.00,成套住宅,73,市区,2025-05-14 13:15:09
常熟众联世纪房地产咨询有限公司,新建家苑12幢车库32,11.08,880.00,车库,,虞山街道,2025-05-14 15:22:09
常熟众联世纪房地产咨询有限公司,新建家苑12幢601,178.61,1120000.00,成套住宅,,虞山街道,2025-05-14 15:40:24
常熟众联世纪房地产咨询有限公司,绿地·常熟老街泰和坊6幢2104,106.50,765000.00,成套住宅,79,市区,2025-05-15 09:16:17
常熟众联世纪房地产咨询有限公司,李闸路43号2幢402,78.92,790000.00,成套住宅,83.8,市区,2025-05-15 11:07:18
常熟众联世纪房地产咨询有限公司,绿地·常熟老街祥康里1幢402,82.42,560000.00,成套住宅,57,市区,2025-05-15 16:52:07
常熟众联世纪房地产咨询有限公司,东南大道88号常熟花园·景湖雅居10幢104,89.33,870000.00,成套住宅,119.8,东南开发区,2025-05-16 09:09:29
常熟众联世纪房地产咨询有限公司,南海路7号6幢3304,130.02,1000000.00,成套住宅,118.5,市区,2025-05-16 12:23:12
常熟众联世纪房地产咨询有限公司,五星新村一区6幢603,65.25,410000.00,成套住宅,,市区,2025-05-19 08:43:32
常熟众联世纪房地产咨询有限公司,东南街道东南大道118号湖畔现代城127幢2004,149.41,1000000.00,成套住宅,100,东南开发区,2025-05-19 14:34:50
常熟众联世纪房地产咨询有限公司,琴川街道杨虹路5号棠悦名筑8幢1803,97.58,1000000.00,成套住宅,100.5,市区,2025-05-20 14:22:03
常熟众联世纪房地产咨询有限公司,琴川街道静海路21号紫誉华庭19幢1203,126.22,1990000.00,成套住宅,202,市区,2025-05-26 08:58:17
常熟众联世纪房地产咨询有限公司,虞园新村二区69幢103,78.10,1000000.00,成套住宅,,市区,2025-05-27 09:49:06
常熟众联世纪房地产咨询有限公司,常熟经济技术开发区江南大道59号滨江科技创新中心74幢1102,92.06,600000.00,成套住宅,60,碧溪新区,2025-05-28 08:55:28
常熟众联世纪房地产咨询有限公司,琴川街道杨虹路5号棠悦名筑8幢1302,97.58,1190000.00,成套住宅,120,市区,2025-05-28 12:02:59
常熟众联世纪房地产咨询有限公司,常福街道台山路8号和风名筑3幢1804,110.32,1170000.00,成套住宅,,市区,2025-05-29 08:50:08
常熟众联世纪房地产咨询有限公司,虞山街道翡翠路55号瑧湾雅筑12幢402,147.16,1500000.00,成套住宅,175,市区,2025-05-29 12:22:13
常熟众联世纪房地产咨询有限公司,泰山南路26号中南世纪城11幢203,90.45,1100000.00,成套住宅,,市区,2025-05-29 13:18:57
常熟众联世纪房地产咨询有限公司,"琴枫苑金菊居5幢602阁楼,琴枫苑金菊居5幢602",191.30,1400000.00,"住宅,成套住宅",140,市区,2025-05-30 13:23:41
常熟专诚房产中介有限公司,碧溪街道四海路1号中科澜庭11幢1202,89.10,800000.00,成套住宅,83,碧溪新区,2025-05-19 13:51:41
常熟专诚房产中介有限公司,碧溪街道龙腾南路19号铂珺花园12幢1401,115.95,800000.00,成套住宅,102,碧溪新区,2025-05-22 09:36:33
慧享家房地产经纪有限公司,珠海路23号隆盈商务广场1幢A815,47.64,385000.00,办公,40,市区,2025-05-08 17:55:50
慧享家房地产经纪有限公司,珠海路21号隆盈商务广场2幢1206,43.89,160000.00,办公,25,市区,2025-05-15 09:06:53
慧享家房地产经纪有限公司,明日星洲19幢2301,132.11,870000.00,成套住宅,87,市区,2025-05-21 10:00:23
慧享家房地产经纪有限公司,珠海路21号隆盈商务广场2幢1613,40.63,190000.00,办公,25,市区,2025-05-24 10:25:10
苏州宝云房地产经纪有限公司,琴川街道太平街金枫家园13幢406,74.79,580000.00,成套住宅,80,琴川街道,2025-05-06 09:07:42
苏州宝云房地产经纪有限公司,琴川街道太平街金枫家园13幢车库30,11.68,8000.00,车库,1,琴川街道,2025-05-06 09:20:29
苏州宝云房地产经纪有限公司,百盛花园二区31幢303,129.63,900000.00,成套住宅,130,琴川街道,2025-05-07 12:16:30
苏州宝云房地产经纪有限公司,百盛花园二区32幢车库83,27.09,10000.00,车库,1,琴川街道,2025-05-07 12:27:19
苏州宝云房地产经纪有限公司,东南街道东南大道138号湖畔现代城三期126幢2805,122.85,750000.00,成套住宅,110,东南开发区,2025-05-12 11:58:06
苏州宝云房地产经纪有限公司,琴川街道新沈路1号鲲湖天境花园16幢504,143.17,1530000.00,成套住宅,165,琴川街道,2025-05-16 12:34:17
苏州宝云房地产经纪有限公司,"金山苑二区63幢502,金山苑二区63幢502室(阁楼),金山苑二区63幢07号车库",128.74,608000.00,"成套住宅,住宅,车库",80,琴川街道,2025-05-19 08:53:12
苏州宝云房地产经纪有限公司,"锦荷佳苑48幢605,锦荷佳苑48幢605室(阁楼)",102.79,520000.00,"成套住宅,住宅",70,琴川街道,2025-05-29 12:38:52
苏州联合易居房产经纪有限公司,琴川街道富泰路101号金山苑五区2幢302,120.17,1200000.00,成套住宅,185,市区,2025-05-08 15:29:51
苏州联合易居房产经纪有限公司,船步头65号,142.66,3000000.00,成套住宅,550,市区,2025-05-14 20:21:43
苏州联合易居房产经纪有限公司,常福街道宁波路59号加宝花园12幢1205,119.72,1000000.00,成套住宅,112,市区,2025-05-23 10:42:18
苏州品优居不动产房产经纪有限公司,明日星洲13幢102,118.91,1230000.00,成套住宅,128,琴川街道,2025-05-10 09:50:36
苏州品优居不动产房产经纪有限公司,花园浜路9号花园浜家园8幢308,82.94,899000.00,成套住宅,90,市区,2025-05-21 09:42:14
苏州品优居不动产房产经纪有限公司,花园浜路9号花园浜家园8幢车库16,32.11,1000.00,车库,1,市区,2025-05-21 09:56:58
苏州市家兴房产经纪有限公司,古里镇元枫路16号金域蓝湾四区23幢1602,88.04,680000.00,成套住宅,60,古里镇,2025-05-14 08:32:03
苏州市盛恒房地产经纪有限公司,沙家浜镇永安路88号3幢车库108,29.44,100000.00,车库,10,沙家浜镇,2025-05-21 10:27:26
苏州五福房产经纪有限公司,琴川街道香椿路10号褐石源筑2幢308,167.01,2400000.00,成套住宅,288,琴川街道,2025-05-07 11:59:32
苏州五福房产经纪有限公司,洪泾里南67幢302,67.80,470000.00,成套住宅,85,市区,2025-05-19 13:51:51
苏州五福房产经纪有限公司,常熟经济技术开发区高新技术产业园深圳路26号铂克花园19幢403,85.66,860000.00,成套住宅,89,市区,2025-05-20 15:13:43
苏州五福房产经纪有限公司,东南街道羿家路16号昆承状元里2幢703,83.74,920000.00,成套住宅,100,东南开发区,2025-05-28 09:51:37
苏州新航线网络营销策划有限公司,莫城街道莫城大道801号云锦雅筑3幢206,108.33,1000000.00,成套住宅,108,莫城街道,2025-05-13 16:02:49
苏州新航线网络营销策划有限公司,华山路77号8幢601,119.47,1450000.00,成套住宅,158,市区,2025-05-20 11:27:40
苏州新航线网络营销策划有限公司,莫城街道莫城大道801号云锦雅筑3幢602,108.33,1025000.00,成套住宅,110,常福街道,2025-05-21 20:06:30
苏州新航线网络营销策划有限公司,莫城街道莫城大道801号云锦雅筑6幢606,108.94,990000.00,成套住宅,110,莫城街道,2025-05-22 10:33:09
苏州新航线网络营销策划有限公司,汇文路1号中江广场2号楼1005,69.79,500000.00,商业服务,30,市区,2025-05-26 08:00:15
苏州新航线网络营销策划有限公司,东南街道东南大道138号湖畔现代城三期126幢2905,122.85,800000.00,成套住宅,82,市区,2025-05-28 12:50:46
苏州鑫宸房产经纪有限公司,虞山街道天香路6号湖语尚院88幢404,104.66,1057000.00,成套住宅,110,市区,2025-05-26 12:57:13
苏州周道房产经纪有限公司,沙家浜镇凌云北路8号溪语雅园35幢302,97.62,700000.00,成套住宅,90,沙家浜镇,2025-05-06 14:31:46
,五星新村四区4幢302,61.29,10000.00,成套住宅,,市区,2025-05-06 08:41:40
,菱塘北村三弄20幢205,45.27,10000.00,成套住宅,,市区,2025-05-06 09:20:53
,新茂路1号新茂轻纺城6幢207,131.44,780000.00,成套住宅,,市区,2025-05-06 09:40:51
,碧溪街道碧溪西路101号景福佳苑1幢405,59.76,500000.00,成套住宅,,碧溪新区,2025-05-06 10:41:43
,湘江东路162号,11.66,30000.00,商业服务,,市区,2025-05-06 10:59:02
,湘江苑1幢408,107.65,200000.00,成套住宅,,市区,2025-05-06 11:05:39
,常福街道台山路8号和风名筑9幢1803,127.38,1600000.00,成套住宅,,市区,2025-05-06 13:36:08
,海虞镇海棠路168号海福新城16幢602,77.09,500000.00,成套住宅,,海虞镇,2025-05-06 14:34:36
,古里镇(白茆)新市北路50号紫霞花园一区12幢402,76.65,200000.00,成套住宅,,古里镇,2025-05-06 14:39:31
,琴川街道闽江东路11号常熟世茂世纪中心3幢1519,56.03,335000.00,酒店,,市区,2025-05-07 08:50:13
,"颜港四弄53-2号7号车库,颜港四弄53-2号503",134.84,10000.00,"车库,成套住宅",,市区,2025-05-07 09:15:02
,"常熟经济技术开发区高新技术产业园苏州路7-1号怡馨佳苑28幢104,常熟经济技术开发区高新技术产业园苏州路7-1号怡馨佳苑28幢104(104跃)",104.86,673516.00,"商业服务,商业服务",,市区,2025-05-07 09:39:03
,长江路96号7号楼305,107.58,100000.00,成套住宅,,市区,2025-05-07 09:43:13
,"常熟经济技术开发区高新技术产业园苏州路7-1号怡馨佳苑18幢101,常熟经济技术开发区高新技术产业园苏州路7-1号怡馨佳苑18幢101(101跃)",257.80,1663583.00,"商业服务,商业服务",,市区,2025-05-07 09:46:55
,"常熟经济技术开发区高新技术产业园苏州路7-1号怡馨佳苑20幢101,常熟经济技术开发区高新技术产业园苏州路7-1号怡馨佳苑20幢101(101跃)",258.42,1917735.00,"商业服务,商业服务",,市区,2025-05-07 09:54:30
,漕泾新村三区8幢204,64.91,300000.00,成套住宅,,市区,2025-05-07 09:55:10
,"常熟经济技术开发区高新技术产业园苏州路7-1号怡馨佳苑28幢103,常熟经济技术开发区高新技术产业园苏州路7-1号怡馨佳苑28幢103(103跃)",104.86,663764.00,"商业服务,商业服务",,市区,2025-05-07 10:01:45
,碧溪街道碧溪西路101号景福佳苑1幢405,59.76,240000.00,成套住宅,,碧溪新区,2025-05-07 10:19:25
,常熟高新技术产业开发区藏山路8号天禧生活广场3幢1410,48.69,280000.00,商业服务,,东南开发区,2025-05-07 11:27:21
,"湘江西路327号报慈家园6幢502,湘江西路327号报慈家园6幢04车库",131.17,200000.00,"成套住宅,车库",,市区,2025-05-07 13:46:25
,"常熟经济技术开发区高新技术产业园苏州路7-1号怡馨佳苑28幢105(105跃),常熟经济技术开发区高新技术产业园苏州路7-1号怡馨佳苑28幢105",110.18,707686.00,"商业服务,商业服务",,市区,2025-05-07 14:01:32
,"常熟经济技术开发区高新技术产业园苏州路7-1号怡馨佳苑21幢104(104跃),常熟经济技术开发区高新技术产业园苏州路7-1号怡馨佳苑21幢104",183.13,1153719.00,"商业服务,商业服务",,市区,2025-05-07 14:03:55
,"常熟经济技术开发区高新技术产业园苏州路7-1号怡馨佳苑21幢101,常熟经济技术开发区高新技术产业园苏州路7-1号怡馨佳苑21幢101(101跃)",259.36,1740565.00,"商业服务,商业服务",,市区,2025-05-07 14:07:46
,"常熟经济技术开发区高新技术产业园苏州路7-1号怡馨佳苑28幢106,常熟经济技术开发区高新技术产业园苏州路7-1号怡馨佳苑28幢106(106跃)",110.18,717823.00,"商业服务,商业服务",,市区,2025-05-07 14:11:34
,"常熟经济技术开发区高新技术产业园苏州路7-1号怡馨佳苑29幢119,常熟经济技术开发区高新技术产业园苏州路7-1号怡馨佳苑29幢119(119跃)",106.43,663910.00,"商业服务,商业服务",,市区,2025-05-07 14:14:15
,虞山镇藕渠太平街金枫家园7幢403,74.72,150000.00,成套住宅,,市区,2025-05-07 14:36:16
,虞山镇藕渠太平街金枫家园7幢车库11,11.67,5000.00,车库,,市区,2025-05-07 14:57:48
,颜港北村七区19幢104,56.00,200000.00,成套住宅,,市区,2025-05-07 15:13:10
,虞园新村二区57幢304,77.75,500000.00,成套住宅,,市区,2025-05-07 15:53:25
,琴川街道香山南路11号琴湖花园21幢3301,141.68,100000.00,成套住宅,,市区,2025-05-08 08:50:52
,常福街道大义红旗路51号尚林苑9幢607,50.48,350000.00,成套住宅,,市区,2025-05-08 09:04:17
,明日星城日锦园27幢406,102.41,750000.00,成套住宅,,市区,2025-05-08 09:05:11
,"常熟经济技术开发区高新技术产业园苏州路7-1号怡馨佳苑20幢102,常熟经济技术开发区高新技术产业园苏州路7-1号怡馨佳苑20幢102(102跃)",254.11,1713718.00,"商业服务,商业服务",,市区,2025-05-08 09:17:48
,招商东路141号A幢2058,112.79,1100000.00,成套住宅,,市区,2025-05-08 09:23:17
,"常熟经济技术开发区高新技术产业园苏州路7-1号怡馨佳苑28幢110(110跃),常熟经济技术开发区高新技术产业园苏州路7-1号怡馨佳苑28幢110",104.86,702457.00,"商业服务,商业服务",,市区,2025-05-08 09:24:24
,"常熟经济技术开发区高新技术产业园苏州路7-1号怡馨佳苑20幢103(103跃),常熟经济技术开发区高新技术产业园苏州路7-1号怡馨佳苑20幢103",205.97,1358990.00,"商业服务,商业服务",,市区,2025-05-08 09:32:24
,辛庄镇昌乐路101号沁香园19幢车库12,66.41,50000.00,地下车库,,辛庄镇,2025-05-08 09:34:57
,"常熟经济技术开发区高新技术产业园苏州路7-1号怡馨佳苑20幢104(104跃),常熟经济技术开发区高新技术产业园苏州路7-1号怡馨佳苑20幢104",187.78,1252117.00,"商业服务,商业服务",,市区,2025-05-08 09:37:48
,尚湖镇永升路55号宝利花园10幢902,98.44,500.00,成套住宅,,尚湖镇,2025-05-08 11:12:41
,支塘镇常熟华东食品城C02幢32,73.92,180000.00,商业服务,,支塘镇,2025-05-08 13:01:48
,碧溪街道四海路1号中科澜庭8幢801,107.87,920000.00,成套住宅,,碧溪新区,2025-05-08 13:19:21
,常福新村二区24幢502,89.58,200000.00,成套住宅,,虞山街道,2025-05-08 13:21:47
,"常熟经济技术开发区高新技术产业园苏州路7-1号怡馨佳苑21幢105(105跃),常熟经济技术开发区高新技术产业园苏州路7-1号怡馨佳苑21幢105",284.86,1763853.00,"商业服务,商业服务",,市区,2025-05-08 13:46:14
,"常熟经济技术开发区高新技术产业园苏州路7-1号怡馨佳苑29幢116,常熟经济技术开发区高新技术产业园苏州路7-1号怡馨佳苑29幢116(116跃)",99.96,642043.00,"商业服务,商业服务",,市区,2025-05-08 13:54:28
,通港路(兴隆段)111号金茂四季花园12幢506,163.68,350000.00,成套住宅,,市区,2025-05-08 13:55:36
,"常熟经济技术开发区高新技术产业园苏州路7-1号怡馨佳苑28幢119,常熟经济技术开发区高新技术产业园苏州路7-1号怡馨佳苑28幢119(119跃)",106.45,752389.00,"商业服务,商业服务",,市区,2025-05-08 14:01:16
,"常熟经济技术开发区高新技术产业园苏州路7-1号怡馨佳苑28幢118,常熟经济技术开发区高新技术产业园苏州路7-1号怡馨佳苑28幢118(118跃)",106.45,752389.00,"商业服务,商业服务",,市区,2025-05-08 14:03:01
,"常熟经济技术开发区高新技术产业园苏州路7-1号怡馨佳苑28幢117,常熟经济技术开发区高新技术产业园苏州路7-1号怡馨佳苑28幢117(117跃)",99.94,697181.00,"商业服务,商业服务",,市区,2025-05-08 14:07:04
,"常熟经济技术开发区高新技术产业园苏州路7-1号怡馨佳苑29幢115(115跃),常熟经济技术开发区高新技术产业园苏州路7-1号怡馨佳苑29幢115",99.96,642043.00,"商业服务,商业服务",,市区,2025-05-08 14:13:17
,泰山南路26号中南世纪城11幢2307,118.25,10000.00,成套住宅,,市区,2025-05-08 14:19:59
,碧溪街道碧溪西路101号景福佳苑1幢405,59.76,1000.00,成套住宅,,碧溪新区,2025-05-08 14:31:51
,"常熟经济技术开发区高新技术产业园苏州路7-1号怡馨佳苑21幢107(107跃),常熟经济技术开发区高新技术产业园苏州路7-1号怡馨佳苑21幢107",310.76,1858966.00,"商业服务,商业服务",,市区,2025-05-08 14:42:01
,常熟经济技术开发区高新技术产业园苏州路7-1号怡馨佳苑21幢106,90.82,820559.00,商业服务,,市区,2025-05-08 14:48:23
,"常熟经济技术开发区高新技术产业园苏州路7-1号怡馨佳苑28幢116(116跃),常熟经济技术开发区高新技术产业园苏州路7-1号怡馨佳苑28幢116",99.94,697181.00,"商业服务,商业服务",,市区,2025-05-08 14:49:45
,"常熟经济技术开发区高新技术产业园苏州路7-1号怡馨佳苑28幢108,常熟经济技术开发区高新技术产业园苏州路7-1号怡馨佳苑28幢108(108跃)",112.22,741438.00,"商业服务,商业服务",,市区,2025-05-08 14:55:34
,"常熟经济技术开发区高新技术产业园苏州路7-1号怡馨佳苑28幢115(115跃),常熟经济技术开发区高新技术产业园苏州路7-1号怡馨佳苑28幢115",99.94,687987.00,"商业服务,商业服务",,市区,2025-05-08 14:55:53
,碧溪新区浒浦牛坊弄75号,131.55,120000.00,成套住宅,,碧溪新区,2025-05-08 15:56:44
,董浜镇星晨路6号董浜农贸市场4-3幢15,144.44,450000.00,商业服务,,董浜镇,2025-05-09 08:39:08
,"常熟经济技术开发区高新技术产业园苏州路7-1号怡馨佳苑29幢118(118跃),常熟经济技术开发区高新技术产业园苏州路7-1号怡馨佳苑29幢118",106.43,673702.00,"商业服务,商业服务",,市区,2025-05-09 09:21:10
,"常熟经济技术开发区高新技术产业园苏州路7-1号怡馨佳苑29幢117,常熟经济技术开发区高新技术产业园苏州路7-1号怡馨佳苑29幢117(117跃)",99.96,632747.00,"商业服务,商业服务",,市区,2025-05-09 09:27:45
,"常熟经济技术开发区高新技术产业园苏州路7-1号怡馨佳苑21幢102,常熟经济技术开发区高新技术产业园苏州路7-1号怡馨佳苑21幢102(102跃)",277.60,1807176.00,"商业服务,商业服务",,市区,2025-05-09 09:33:54
,"常熟经济技术开发区高新技术产业园苏州路7-1号怡馨佳苑20幢108(108跃),常熟经济技术开发区高新技术产业园苏州路7-1号怡馨佳苑20幢108",187.10,1213156.00,"商业服务,商业服务",,市区,2025-05-09 09:41:35
,信一广场18幢110,235.21,10000.00,成套住宅,,市区,2025-05-09 09:42:18
,"常熟经济技术开发区高新技术产业园苏州路7-1号怡馨佳苑28幢109,常熟经济技术开发区高新技术产业园苏州路7-1号怡馨佳苑28幢109(109跃)",109.76,725184.00,"商业服务,商业服务",,市区,2025-05-09 09:48:25
,洪泾里67幢103,67.80,530000.00,成套住宅,,市区,2025-05-09 13:13:09
,常熟经济技术开发区高新技术产业园锦州路6号望虞花园1幢505,49.64,348000.00,成套住宅,,市区,2025-05-09 13:23:23
,"常熟经济技术开发区高新技术产业园苏州路7-1号怡馨佳苑21幢103,常熟经济技术开发区高新技术产业园苏州路7-1号怡馨佳苑21幢103(103跃)",295.82,1858933.00,"商业服务,商业服务",,市区,2025-05-09 13:37:29
,"常熟经济技术开发区高新技术产业园苏州路7-1号怡馨佳苑28幢111,常熟经济技术开发区高新技术产业园苏州路7-1号怡馨佳苑28幢111(111跃)",104.86,702457.00,"商业服务,商业服务",,市区,2025-05-09 13:45:32
,"常熟经济技术开发区高新技术产业园苏州路7-1号怡馨佳苑28幢112,常熟经济技术开发区高新技术产业园苏州路7-1号怡馨佳苑28幢112(112跃)",104.86,712104.00,"商业服务,商业服务",,市区,2025-05-09 13:47:25
,"常熟经济技术开发区高新技术产业园苏州路7-1号怡馨佳苑28幢114(114跃),常熟经济技术开发区高新技术产业园苏州路7-1号怡馨佳苑28幢114",109.76,755588.00,"商业服务,商业服务",,市区,2025-05-09 13:51:46
,"常熟经济技术开发区高新技术产业园苏州路7-1号怡馨佳苑28幢113(113跃),常熟经济技术开发区高新技术产业园苏州路7-1号怡馨佳苑28幢113",109.76,745380.00,"商业服务,商业服务",,市区,2025-05-09 13:55:46
,"常熟经济技术开发区高新技术产业园苏州路7-1号怡馨佳苑29幢102,常熟经济技术开发区高新技术产业园苏州路7-1号怡馨佳苑29幢102(102跃)",111.35,787022.00,"商业服务,商业服务",,市区,2025-05-09 14:49:55
,"常熟经济技术开发区高新技术产业园苏州路7-1号怡馨佳苑29幢101,常熟经济技术开发区高新技术产业园苏州路7-1号怡馨佳苑29幢101(101跃)",111.35,787022.00,"商业服务,商业服务",,市区,2025-05-09 14:50:15
,"常熟经济技术开发区高新技术产业园苏州路7-1号怡馨佳苑29幢110,常熟经济技术开发区高新技术产业园苏州路7-1号怡馨佳苑29幢110(110跃)",104.86,702457.00,"商业服务,商业服务",,市区,2025-05-09 14:55:25
,"常熟经济技术开发区高新技术产业园苏州路7-1号怡馨佳苑29幢111(111跃),常熟经济技术开发区高新技术产业园苏州路7-1号怡馨佳苑29幢111",104.86,692810.00,"商业服务,商业服务",,市区,2025-05-09 14:56:52
,"常熟经济技术开发区高新技术产业园苏州路7-1号怡馨佳苑29幢112(112跃),常熟经济技术开发区高新技术产业园苏州路7-1号怡馨佳苑29幢112",104.86,692810.00,"商业服务,商业服务",,市区,2025-05-09 15:01:48
,"常熟经济技术开发区高新技术产业园苏州路7-1号怡馨佳苑29幢113,常熟经济技术开发区高新技术产业园苏州路7-1号怡馨佳苑29幢113(113跃)",109.78,715217.00,"商业服务,商业服务",,市区,2025-05-09 15:02:44
,"常熟经济技术开发区高新技术产业园苏州路7-1号怡馨佳苑29幢114(114跃),常熟经济技术开发区高新技术产业园苏州路7-1号怡馨佳苑29幢114",109.78,715217.00,"商业服务,商业服务",,市区,2025-05-09 15:08:50
,花溪新村二区9幢101,65.31,1500.00,成套住宅,,市区,2025-05-10 08:49:21
,报慈北路13号501,128.13,10000.00,成套住宅,,市区,2025-05-10 09:01:51
,陆家弄44号202,59.66,100000.00,成套住宅,,市区,2025-05-10 09:13:48
,琴川街道富泰路101号金山苑五区2幢109（车库）,27.97,5000.00,车库,,市区,2025-05-10 12:39:13
,支塘镇福汇路9号东馨佳苑25幢1602,79.45,1500.00,成套住宅,,支塘镇,2025-05-10 12:57:11
,"锦都苑小区6幢车库22,锦都苑小区6幢204",144.37,560000.00,"车库,成套住宅",,市区,2025-05-10 13:09:31
,五星新村七区44幢201,73.45,10000.00,成套住宅,,市区,2025-05-10 13:46:27
,"翠屏路1号香榭丽舍26幢501,翠屏路1号香榭丽舍26幢501(跃501)",176.18,13000.00,"成套住宅,成套住宅",,市区,2025-05-10 14:16:01
,菜园村街30-1号104,152.12,10000.00,成套住宅,,市区,2025-05-10 14:20:00
,银环路99#-45,110.48,10000.00,商业服务,,东南开发区,2025-05-12 09:01:42
,银环路99#-44,165.72,10000.00,商业服务,,东南开发区,2025-05-12 09:05:29
,常福街道苏州路11号珑璟阁3幢1602,120.62,1096678.00,成套住宅,,市区,2025-05-12 09:16:11
,常熟经济技术开发区海城花苑10幢1308,66.90,399000.00,成套住宅,,碧溪新区,2025-05-12 09:31:45
,碧溪街道碧溪西路101号景福佳苑2幢701,62.25,240000.00,成套住宅,,碧溪新区,2025-05-12 09:32:48
,碧溪新区浒浦牛坊弄21号,172.80,200000.00,住宅,,碧溪新区,2025-05-12 09:49:59
,银环路99#-49,276.20,10000.00,商业服务,,东南开发区,2025-05-12 09:53:52
,古里镇元通路189号名仕豪庭18幢1103,123.64,5000.00,成套住宅,,古里镇,2025-05-12 10:30:19
,湖苑新村四区92幢503,106.97,3000.00,成套住宅,,市区,2025-05-12 12:38:03
,古里镇金湖路19号东宸铭筑32幢801,142.83,100.00,成套住宅,,古里镇,2025-05-12 12:38:31
,董浜镇星晨路8号亲水湾花园一区7幢503,93.41,380000.00,成套住宅,,董浜镇,2025-05-12 13:17:16
,"常熟经济技术开发区高新技术产业园苏州路7-1号怡馨佳苑29幢104,常熟经济技术开发区高新技术产业园苏州路7-1号怡馨佳苑29幢104(104跃)",104.86,731503.00,"商业服务,商业服务",,市区,2025-05-12 14:07:19
,五星新村六区18幢506,71.20,200000.00,成套住宅,,市区,2025-05-12 14:13:34
,"常熟经济技术开发区高新技术产业园苏州路7-1号怡馨佳苑28幢107(107跃),常熟经济技术开发区高新技术产业园苏州路7-1号怡馨佳苑28幢107",110.18,717823.00,"商业服务,商业服务",,市区,2025-05-12 14:14:23
,"常熟经济技术开发区高新技术产业园苏州路7-1号怡馨佳苑20幢106(106跃),常熟经济技术开发区高新技术产业园苏州路7-1号怡馨佳苑20幢106",208.24,1355018.00,"商业服务,商业服务",,市区,2025-05-12 14:20:21
,虞园新村一区15幢103,65.24,1280000.00,成套住宅,,市区,2025-05-12 14:26:14
,"常熟经济技术开发区高新技术产业园苏州路7-1号怡馨佳苑20幢107,常熟经济技术开发区高新技术产业园苏州路7-1号怡馨佳苑20幢107(107跃)",268.94,1766936.00,"商业服务,商业服务",,市区,2025-05-12 14:27:08
,"常熟经济技术开发区高新技术产业园苏州路7-1号怡馨佳苑29幢103,常熟经济技术开发区高新技术产业园苏州路7-1号怡馨佳苑29幢103(103跃)",104.86,731503.00,"商业服务,商业服务",,市区,2025-05-12 14:35:51
,"常熟经济技术开发区高新技术产业园苏州路7-1号怡馨佳苑29幢106(106跃),常熟经济技术开发区高新技术产业园苏州路7-1号怡馨佳苑29幢106",110.60,761370.00,"商业服务,商业服务",,市区,2025-05-12 14:41:26
,"常熟经济技术开发区高新技术产业园苏州路7-1号怡馨佳苑29幢108(108跃),常熟经济技术开发区高新技术产业园苏州路7-1号怡馨佳苑29幢108",112.65,765006.00,"商业服务,商业服务",,市区,2025-05-12 14:46:43
,"常熟经济技术开发区高新技术产业园苏州路7-1号怡馨佳苑29幢109(109跃),常熟经济技术开发区高新技术产业园苏州路7-1号怡馨佳苑29幢109",110.20,738230.00,"商业服务,商业服务",,市区,2025-05-12 14:53:37
,"常熟经济技术开发区高新技术产业园苏州路7-1号怡馨佳苑29幢107(107跃),常熟经济技术开发区高新技术产业园苏州路7-1号怡馨佳苑29幢107",110.60,751085.00,"商业服务,商业服务",,市区,2025-05-12 14:58:30
,"常熟经济技术开发区高新技术产业园苏州路7-1号怡馨佳苑29幢105(105跃),常熟经济技术开发区高新技术产业园苏州路7-1号怡馨佳苑29幢105",110.60,761370.00,"商业服务,商业服务",,市区,2025-05-12 15:00:03
,"常熟经济技术开发区高新技术产业园苏州路7-1号怡馨佳苑20幢105,常熟经济技术开发区高新技术产业园苏州路7-1号怡馨佳苑20幢105(105跃)",180.56,1187363.00,"商业服务,商业服务",,市区,2025-05-12 15:05:50
,海虞北路58-1号中凯国际大厦405,846.19,2200000.00,商业服务,,市区,2025-05-13 09:55:00
,颜港北村六区23幢204,56.44,50000.00,成套住宅,,市区,2025-05-13 09:59:07
,董浜镇星晨路8号亲水湾花园一区7幢503,93.41,4000.00,成套住宅,,董浜镇,2025-05-13 10:27:12
,支塘镇支川西路8号福地中心21幢106,90.26,10000.00,成套住宅,,支塘镇,2025-05-13 10:37:49
,明日星城第五园2幢1602,128.18,10000.00,成套住宅,,市区,2025-05-13 12:37:37
,西横头70幢204,72.78,720000.00,成套住宅,,市区,2025-05-13 12:55:04
,"支塘镇常熟华东食品城B02幢310室,支塘镇常熟华东食品城B02幢310室",105.34,190000.00,"商业服务,办公",,支塘镇,2025-05-13 13:17:26
,"锦都苑小区3幢604室(阁楼),锦都苑小区3幢车库21,锦都苑小区3幢604",217.16,500000.00,"成套住宅,车库,成套住宅",,市区,2025-05-13 13:20:03
,甸桥西路2号1-1幢118,180.66,975000.00,商业,,市区,2025-05-13 14:10:31
,甸桥西路2号1-1幢119,180.66,975000.00,商业,,市区,2025-05-13 14:16:30
,琴湖新村一区15幢304,56.14,10000.00,成套住宅,,市区,2025-05-13 14:33:06
,青莲路9号4879,29.27,146000.00,商业服务,,市区,2025-05-14 08:38:23
,"支塘镇常熟华东食品城B01幢08号,支塘镇常熟华东食品城B01幢08号",75.83,100000.00,"商业服务,商业服务",,支塘镇,2025-05-14 09:31:52
,"四丈湾36-1号,四丈湾36-1号",76.35,10000.00,"住宅,住宅",,市区,2025-05-14 10:42:56
,江南大道滨江易居9幢301室,104.88,220000.00,成套住宅,,碧溪新区,2025-05-14 12:45:00
,黄河路263号C楼415、416,87.56,200000.00,商业服务,,市区,2025-05-14 13:11:10
,黄河路263号C楼417、418,89.80,200000.00,商业服务,,市区,2025-05-14 13:13:37
,常熟经济技术开发区海城花苑10幢1308,66.90,132000.00,成套住宅,,碧溪新区,2025-05-14 14:12:49
,金沙江路18号星海凯尔顿广场5幢302,98.77,1.00,成套住宅,,市区,2025-05-15 08:45:11
,江苏省常熟高新技术产业开发区富春江路79号东南食品广场B幢320,58.91,260000.00,办公,,东南开发区,2025-05-15 08:47:35
,明日星城日锦园24幢303,238.96,250000.00,成套住宅,,市区,2025-05-15 09:27:07
,东南街道银河路87号辉煌银河商业中心10幢710,35.71,249000.00,服务型公寓,,东南开发区,2025-05-15 09:43:58
,黄河路777号佳和商业中心4幢638,50.59,225000.00,办公,,市区,2025-05-15 09:51:24
,古里镇元枫路16号金域蓝湾四区18幢1203,86.98,650000.00,成套住宅,,古里镇,2025-05-15 11:31:38
,虞山街道午桥弄32-7号,10.03,50000.00,附房,,市区,2025-05-15 13:25:51
,琴川街道宝山路8号虞悦豪庭11幢802,119.43,500000.00,成套住宅,,市区,2025-05-15 13:30:41
,南海路7号8幢1302,48.95,1.00,成套住宅,,市区,2025-05-15 14:00:48
,商海路39号中盈广场1幢204,118.06,10000.00,成套住宅,,市区,2025-05-15 14:14:26
,江南大道滨江易居9幢301,104.88,1000.00,成套住宅,,碧溪新区,2025-05-15 15:04:12
,湘江东路119号401,137.48,10000.00,成套住宅,,市区,2025-05-16 08:39:44
,虞山镇风和路21号衡泰理工苑5幢204,106.52,40000.00,成套住宅,,市区,2025-05-16 08:58:14
,琴湖新村三区18幢203,63.04,300000.00,成套住宅,,市区,2025-05-16 09:00:18
,海虞镇海棠路158号丽都花园22幢1001,108.54,500000.00,成套住宅,,海虞镇,2025-05-16 09:07:56
,李闸路158号城市花园1幢406,139.76,200000.00,成套住宅,,市区,2025-05-16 09:10:47
,常熟经济技术开发区高新技术产业园联丰东路68号星宝花园18幢604,227.91,1000000.00,成套住宅,,市区,2025-05-16 09:51:17
,海虞北路35号-2070,55.35,623055.69,商业服务,,市区,2025-05-16 09:57:53
,五星新村六区20幢205,107.64,300000.00,成套住宅,,市区,2025-05-16 12:38:05
,常熟经济技术开发区碧浒路6号宝鸿商业广场2幢415,42.33,180000.00,商业办公,,碧溪新区,2025-05-16 12:38:33
,范家市17号1幢201,36.73,150000.00,成套住宅,,市区,2025-05-16 12:44:52
,通港路(兴隆段)111号金茂四季花园12幢204,137.56,10000.00,成套住宅,,市区,2025-05-16 12:59:35
,梅李花园浜新村26幢404,91.14,200000.00,成套住宅,,梅李镇,2025-05-16 13:19:49
,菱塘北村二弄4幢203,69.04,10000.00,成套住宅,,市区,2025-05-16 13:43:54
,青墩塘路158号1幢303,67.62,100000.00,成套住宅,,市区,2025-05-16 14:49:51
,珠江路512号5幢202,91.50,1000.00,成套住宅,,市区,2025-05-17 08:53:14
,常熟经济技术开发区高新技术产业园深圳路26号铂克花园12幢1003,88.88,1.00,成套住宅,,市区,2025-05-17 09:19:41
,梅李镇梅南路205号1幢,3538.53,5000000.00,工业,,梅李镇,2025-05-17 09:21:42
,湘江苑1幢310,107.65,200000.00,成套住宅,,市区,2025-05-17 09:35:18
,常福新村一区105幢502,129.66,5000.00,成套住宅,,市区,2025-05-17 12:43:22
,常福新村一区105幢车库,17.98,1000.00,车库,,市区,2025-05-17 12:49:52
,碧溪新区浒浦牛坊弄21号,172.80,1000.00,住宅,,碧溪新区,2025-05-17 12:50:31
,常熟高新技术产业开发区东南大道28号森兰公寓1幢1003,139.16,500000.00,成套住宅,,东南开发区,2025-05-17 13:22:37
,尚湖镇练塘南湖苑37幢602,86.84,50000.00,成套住宅,,尚湖镇,2025-05-17 13:52:04
,五星新村四区10幢501,61.71,70000.00,成套住宅,,市区,2025-05-17 14:19:15
,尚湖镇静慧新村64号,86.31,2000.00,住宅,,尚湖镇,2025-05-17 14:26:55
,琴川街道昆承南路99号中南虞锦城9幢2608,121.50,10000.00,成套住宅,,市区,2025-05-17 14:28:52
,董浜镇华文路108号文丰佳苑1幢1002,148.28,700000.00,成套住宅,,董浜镇,2025-05-19 09:18:31
,江苏省常熟高新技术产业开发区富春江路79号东南食品广场D幢912,58.89,300000.00,办公,,东南开发区,2025-05-19 09:22:54
,花溪新村三区15幢104,74.39,520000.00,成套住宅,,市区,2025-05-19 09:28:31
,富阳路16号2幢507,143.59,1000.00,成套住宅,,市区,2025-05-19 09:40:09
,海虞镇海棠路168号海福新城1幢907,97.29,10000.00,成套住宅,,海虞镇,2025-05-19 09:56:46
,招商城万利商厦B区256,30.92,80000.00,商业服务,,市区,2025-05-19 10:32:09
,常熟市董浜镇徐市越雪路11号19幢101,3128.24,13295020.00,工业,,董浜镇,2025-05-19 10:45:55
,常熟市董浜镇徐市越雪路11号19幢102,3190.99,13561707.50,工业,,董浜镇,2025-05-19 10:55:01
,碧溪街道浒浦西弄新村69号,159.07,560000.00,成套住宅,,碧溪新区,2025-05-19 10:56:33
,常福街道苏州路11号珑璟阁3幢803,120.62,1057235.00,成套住宅,,市区,2025-05-19 13:19:30
,常福街道苏州路11号珑璟阁3幢1404,140.65,1255161.00,成套住宅,,市区,2025-05-19 13:28:24
,锦湖花园27幢203,91.64,50000.00,成套住宅,,市区,2025-05-19 13:42:43
,锦湖花园27幢车库9,17.72,9000.00,车库,,市区,2025-05-19 13:46:59
,锦湖花园27幢车库8,20.04,10000.00,车库,,市区,2025-05-19 13:49:52
,琴川街道太平街66号藕渠家园3幢1803,128.73,180000.00,成套住宅,,市区,2025-05-19 13:52:21
,金沙江路11号中汇商业广场1604,96.54,591520.00,商业服务,,市区,2025-05-19 13:54:46
,虞山街道天香路6号湖语尚院90幢102,156.85,2423173.00,成套住宅,,市区,2025-05-19 14:10:09
,"盛家浜西42号,盛家浜西42号101室",221.90,10000.00,"成套住宅,住宅",,市区,2025-05-19 14:11:42
,虞山街道天香路6号湖语尚院90幢103,156.85,2423173.00,成套住宅,,市区,2025-05-19 14:14:27
,虞山街道天香路6号湖语尚院42幢102,203.62,2618975.00,成套住宅,,市区,2025-05-19 14:20:41
,虞山街道天香路6号湖语尚院42幢104,184.90,2471653.00,成套住宅,,市区,2025-05-19 14:23:44
,昆承南路99号中南虞锦城1幢1408,116.66,600000.00,成套住宅,,市区,2025-05-19 14:58:07
,常熟经济技术开发区海城花苑11幢508,66.91,525000.00,成套住宅,,碧溪新区,2025-05-19 15:15:10
,泰安新村2幢201,54.70,280000.00,成套住宅,,市区,2025-05-19 15:26:05
,常熟经济技术开发区海城花苑10幢1605,62.43,252000.00,成套住宅,,碧溪新区,2025-05-19 15:27:13
,五星新村七区11幢204,62.60,320000.00,成套住宅,,市区,2025-05-20 09:09:44
,五星新村七区11幢204车库,11.80,5000.00,车库,,市区,2025-05-20 09:13:31
,海虞北路58-1号中凯国际大厦2413,62.82,170000.00,商业服务,,市区,2025-05-20 09:16:59
,新世纪大道75号B座3202,44.41,180000.00,商业服务,,市区,2025-05-20 09:29:38
,常熟国际装饰城1幢B1601,253.70,820000.00,商业服务,,市区,2025-05-20 10:01:34
,后塔弄3号303,34.28,135000.00,成套住宅,,市区,2025-05-20 11:13:15
,碧溪街道浒浦西弄新村69号,159.07,1000.00,成套住宅,,碧溪新区,2025-05-20 12:41:18
,支塘镇福汇路7号康馨佳苑11幢1001,182.54,800000.00,成套住宅,,支塘镇,2025-05-20 12:44:14
,碧溪街道吴市西北街9号,61.85,330000.00,成套住宅,,碧溪新区,2025-05-20 12:54:20
,常福街道柳州路33号华熙阁9幢205,140.22,1345130.00,成套住宅,,市区,2025-05-20 13:07:50
,长江路96号1号楼501,127.10,10000.00,成套住宅,,市区,2025-05-20 14:42:23
,琴川街道长江东路88号虞枫家园11幢608,67.15,200000.00,成套住宅,,市区,2025-05-21 08:39:38
,琴川街道长江东路88号虞枫家园11幢车库104,10.35,5000.00,车库,,市区,2025-05-21 08:41:31
,东南大道138号湖畔现代城三期118幢702,143.25,1000.00,成套住宅,,东南开发区,2025-05-21 08:49:18
,梅李镇恒丰街12号良基尚尊佳苑5幢201,116.93,950000.00,成套住宅,,梅李镇,2025-05-21 09:11:56
,泰山南路26号中南世纪城8幢1408,135.58,300000.00,成套住宅,,市区,2025-05-21 09:56:27
,"梅李镇梅南村,梅李镇梅南村,梅李镇梅南村",3736.54,4759080.00,"工业,集体宿舍,食堂",,梅李镇,2025-05-21 10:03:21
,海虞镇海棠路158号丽都花园10幢1501,137.69,1000.00,成套住宅,,海虞镇,2025-05-21 10:07:46
,西庄街小区28幢202,100.83,600000.00,成套住宅,,市区,2025-05-21 10:23:51
,西庄街小区28幢车库A12,10.41,2000.00,车库,,市区,2025-05-21 10:26:38
,碧溪街道吴市西北街9号,61.85,1000.00,成套住宅,,碧溪新区,2025-05-21 10:53:12
,后塔弄3号303,34.28,2000.00,成套住宅,,市区,2025-05-21 11:02:01
,五星新村三区29幢104,60.44,300000.00,成套住宅,,市区,2025-05-21 12:39:30
,辛庄镇张桥东环路73号C区109,325.37,200000.00,商业服务,,辛庄镇,2025-05-21 12:49:18
,招商城万利商厦B区222,43.69,50000.00,商业服务,,市区,2025-05-21 12:52:20
,富阳路16号2幢1810,227.47,1000000.00,成套住宅,,市区,2025-05-21 13:05:03
,泰山南路26号中南世纪城12幢2306,142.82,100000.00,成套住宅,,市区,2025-05-22 09:06:16
,琴川街道黄浦路300号碧海家园一区3幢1303,129.19,10000.00,成套住宅,,市区,2025-05-22 09:13:13
,尚湖镇练塘大道66号尚隽华庭2幢204,107.62,6000.00,成套住宅,,尚湖镇,2025-05-22 09:47:45
,常熟经济技术开发区海城花苑11幢508,66.91,132000.00,成套住宅,,碧溪新区,2025-05-22 10:00:46
,常熟经济技术开发区海城花苑10幢1605,62.43,123180.00,成套住宅,,碧溪新区,2025-05-22 10:07:44
,湖苑新村二区4幢101,74.40,600000.00,成套住宅,,市区,2025-05-22 14:01:22
,董浜镇星晨路65号滨河嘉园21幢1305,67.34,560000.00,成套住宅,,董浜镇,2025-05-22 14:07:41
,董浜镇星晨路65号滨河嘉园21幢1305,67.34,250000.00,成套住宅,,董浜镇,2025-05-23 08:41:10
,花园新村1号104,39.64,2600.00,住宅,,市区,2025-05-23 10:09:17
,碧溪新区虹桥路101号聚和佳苑58幢1302,58.56,400000.00,成套住宅,,碧溪新区,2025-05-23 10:19:45
,碧溪街道江海路99号源江筑3幢1601,101.17,10000.00,成套住宅,,碧溪新区,2025-05-23 10:45:08
,琴川街道龙腾路27号晨枫家园5幢1604,90.36,100000.00,成套住宅,,琴川街道,2025-05-23 10:47:22
,"金山苑一区31幢车库15,金山苑一区31幢303,金山苑一区31幢车库03,金山苑一区31幢304",238.30,10000.00,"车库,成套住宅,车库,成套住宅",,市区,2025-05-23 12:43:08
,颜港北村三区4幢301,78.93,50000.00,成套住宅,,市区,2025-05-23 12:46:45
,漕泾新村三区15幢车库,19.82,55000.00,车库,,市区,2025-05-23 13:11:51
,常熟经济技术开发区高新技术产业园珠海路25号庆裕商业广场1幢909,49.03,3000.00,商业服务,,市区,2025-05-23 14:04:55
,中南世纪城3幢905,100.73,10.00,成套住宅,,市区,2025-05-23 14:23:57
,琴川街道红梅路6号紫云名邸1幢801,142.73,100.00,成套住宅,,市区,2025-05-23 14:29:03
,华丰园3幢501,101.38,180000.00,成套住宅,,市区,2025-05-24 08:42:27
,泰山南路18号中南世纪城85幢2101,143.26,12000.00,成套住宅,,市区,2025-05-24 08:45:57
,花园浜126号,42.50,6000.00,住宅,,市区,2025-05-24 09:00:04
,勤丰路268号世茂玉珑花园10幢401,141.67,700000.00,成套住宅,,市区,2025-05-24 09:09:38
,支塘镇常熟华东食品城A02幢601,51.87,300000.00,成套住宅,,支塘镇,2025-05-24 09:16:01
,新世纪大道75号A座2519,47.57,215000.00,商业服务,,市区,2025-05-24 09:36:38
,元和新村一区6幢301,60.16,300000.00,成套住宅,,市区,2025-05-24 09:37:19
,"梅李镇东街76号3幢,梅李镇东街76号8幢,梅李镇东街76号7幢,梅李镇东街76号2幢",166.33,200000.00,"住宅,住宅,住宅,住宅",,梅李镇,2025-05-24 09:51:12
,明日星城第五园2幢3005,161.77,50000.00,成套住宅,,市区,2025-05-24 10:19:09
,董浜镇星晨路65号滨河嘉园21幢1305,67.34,1000.00,成套住宅,,董浜镇,2025-05-24 10:23:25
,碧溪新区虹桥路101号聚和佳苑58幢1302,58.56,1000.00,成套住宅,,碧溪新区,2025-05-24 10:37:34
,富阳路16号1幢1008,127.96,10000.00,成套住宅,,市区,2025-05-24 10:43:37
,长江路96号3幢403,108.25,150000.00,成套住宅,,市区,2025-05-24 13:50:47
,海虞北路88号912,40.93,238000.00,商业服务,,市区,2025-05-24 14:49:51
,海虞镇海棠路158号丽都花园10幢1502,124.95,1000.00,成套住宅,,海虞镇,2025-05-26 08:50:37
,泰安新村1幢301,63.02,50000.00,成套住宅,,市区,2025-05-26 08:51:59
,海虞镇学前路海虞·四季花园34幢车库12,53.75,60000.00,车库,,海虞镇,2025-05-26 09:02:10
,沙家浜镇阳澄北路8号水畔华庭6幢1402,127.50,500000.00,成套住宅,,沙家浜镇,2025-05-26 11:12:40
,碧溪街道江海路99号源江筑3幢1601,101.17,700000.00,成套住宅,,碧溪新区,2025-05-26 12:39:33
,常熟高新技术产业开发区东南大道99号新世纪花苑A幢2107,102.33,500000.00,成套住宅,,东南开发区,2025-05-26 12:44:31
,常熟经济技术开发区高新技术产业园东山路1号爱乐商务广场2幢1111,39.87,140000.00,商业服务,,市区,2025-05-26 13:09:05
,泰山南路26号中南世纪城15幢2802,97.98,1320000.00,成套住宅,,市区,2025-05-26 14:03:08
,东南大道111号东湖京华苑京润苑8幢1403,88.13,680000.00,成套住宅,,东南开发区,2025-05-26 14:10:16
,"鸭潭头小区11幢车库16,鸭潭头小区11幢402",140.97,500000.00,"车库,成套住宅",,市区,2025-05-26 14:14:10
,梅李镇梅西路2号1-2,172.38,300000.00,商业服务,,梅李镇,2025-05-26 14:24:50
,莫城街道莫城大道360号领誉世家7幢2601,109.25,400000.00,成套住宅,,市区,2025-05-26 14:25:39
,长江东路8号名流世纪庄园80幢,494.33,50000.00,成套住宅,,市区,2025-05-26 14:42:45
,常熟世茂·世纪中心-搜秀活力城3号1019,83.37,500000.00,商业服务,,市区,2025-05-26 15:20:49
,黄河路12号国际贸易中心B幢407,601.50,1500000.00,办公,,市区,2025-05-26 15:23:23
,常福街道广安路2号五新花园31幢602,78.83,328000.00,成套住宅,,市区,2025-05-27 08:51:47
,南头巷92号8幢(204),66.40,30000.00,成套住宅,,市区,2025-05-27 09:37:30
,琴川街道新世纪大道77号美丽华凤凰商业中心3幢711,61.62,440000.00,服务型公寓,,市区,2025-05-27 09:39:57
,昭文路1号香格丽花园旭日苑214,141.52,100000.00,成套住宅,,市区,2025-05-27 12:45:47
,董浜镇星晨路65号滨河嘉园21幢1306,108.73,500000.00,成套住宅,,董浜镇,2025-05-27 12:55:35
,常熟市辛庄镇辛庄大道1378号37幢01,2305.47,13371726.00,工业,,辛庄镇,2025-05-27 13:21:42
,长江路381号505,119.58,10000.00,成套住宅,,市区,2025-05-27 13:49:49
,支塘镇常熟华东食品城A02幢601,51.87,3000.00,成套住宅,,支塘镇,2025-05-27 14:09:36
,碧溪街道江海路99号源江筑3幢1601,101.17,5000.00,成套住宅,,碧溪新区,2025-05-27 14:16:54
,衡山路158号衡泰花园20幢506,103.45,250000.00,成套住宅,,市区,2025-05-28 08:45:58
,辛庄镇新阳大道89号集美院11幢703,118.04,900000.00,成套住宅,,辛庄镇,2025-05-28 08:49:34
,五星新村四区51幢203,66.59,120000.00,成套住宅,,市区,2025-05-28 09:08:43
,常熟高新技术产业开发区富春江路79号东南食品广场B幢1007,58.91,220000.00,办公,,东南开发区,2025-05-28 09:49:16
,菱塘北村二弄7幢101,47.18,400000.00,成套住宅,,市区,2025-05-28 12:44:02
,支塘镇常熟华东食品城A02幢828,51.09,550000.00,成套住宅,,支塘镇,2025-05-28 12:57:39
,东南街道福泰路201号名湖豪庭1幢1005,98.50,616692.50,成套住宅,,东南开发区,2025-05-28 13:21:44
,西横头71幢502,93.87,100000.00,成套住宅,,市区,2025-05-28 13:29:29
,泰安新村33幢304,57.95,250000.00,成套住宅,,市区,2025-05-28 13:45:43
,董浜镇星晨路65号滨河嘉园21幢1306,108.73,1000.00,成套住宅,,董浜镇,2025-05-28 13:51:35
,古里镇文学街188号金域蓝湾二区38幢309,106.85,300000.00,成套住宅,,古里镇,2025-05-28 14:20:52
,槐柳巷11号,40.52,1000.00,成套住宅,,市区,2025-05-29 08:49:18
,百盛花园南区8幢609,159.33,100000.00,成套住宅,,市区,2025-05-29 09:04:21
,古里镇金湖路19号东宸铭筑35幢2604,142.28,1600000.00,成套住宅,,古里镇,2025-05-29 09:13:20
,书院街98号100号225,476.91,2150000.00,商业服务,,市区,2025-05-29 09:14:03
,东南街道银河路87号辉煌银河商业中心8幢405,35.59,280000.00,服务型公寓,,东南开发区,2025-05-29 09:22:22
,东南街道银河路87号辉煌银河商业中心8幢406,35.59,280000.00,服务型公寓,,东南开发区,2025-05-29 09:27:50
,明日星洲20幢701,132.11,10000.00,成套住宅,,市区,2025-05-29 09:34:52
,董浜镇星晨路8号亲水湾花园一区2幢310,75.92,300000.00,成套住宅,,董浜镇,2025-05-29 09:39:36
,环城东路57号,106.13,600000.00,商业,,市区,2025-05-29 10:49:44
,支塘镇支川西路8号福地中心27幢201,131.97,400000.00,成套住宅,,支塘镇,2025-05-29 11:19:15
,古里镇白茆新市北路44号(白茆集贸市场)3幢212,48.99,150000.00,商业服务,,古里镇,2025-05-29 12:54:23
,阜湖路45号城市之光8-1幢303,137.95,450000.00,成套住宅,,市区,2025-05-29 13:16:30
,琴枫苑雪梅居12幢202,141.02,1000000.00,成套住宅,,市区,2025-05-29 13:20:28
,古里镇元通路189号名仕豪庭6幢1403,120.56,1000.00,成套住宅,,古里镇,2025-05-29 13:27:56
,锦湖花园15幢7号车库,23.70,80000.00,车库,,市区,2025-05-29 13:33:21
,锦湖花园15幢8号车库,25.67,80000.00,车库,,市区,2025-05-29 13:36:29
,古里镇元通路189号名仕豪庭6幢1404,141.28,1000.00,成套住宅,,古里镇,2025-05-29 13:43:46
,常熟经济技术开发区高新技术产业园衡泰锦苑23幢204,123.97,300000.00,成套住宅,,市区,2025-05-29 14:13:17
,梅园山庄二区21幢,263.36,780000.00,成套住宅,,市区,2025-05-29 14:24:55
,新世纪大道75号A座3519,37.91,5000.00,商业服务,,市区,2025-05-29 15:10:46
,锁栏北路10号2幢203,66.38,100.00,成套住宅,,市区,2025-05-29 15:40:09
,富鑫苑19幢302,119.67,100000.00,成套住宅,,市区,2025-05-30 08:46:24
,富鑫苑19幢12号车库,34.77,10000.00,车库,,市区,2025-05-30 08:48:07
,海虞北路58-1号中凯国际大厦2201,62.82,160000.00,商业服务,,市区,2025-05-30 09:15:00
,"常福新村三区19幢车库,常福新村三区19幢305",90.05,350000.00,"车库,成套住宅",,市区,2025-05-30 09:36:01
,东南街道银河路87号辉煌银河商业中心10幢1315,35.71,260000.00,服务型公寓,,东南开发区,2025-05-30 09:47:01
,东南街道银河路87号辉煌银河商业中心10幢711,35.71,249000.00,服务型公寓,,东南开发区,2025-05-30 09:51:58
,虞山街道翡翠路99号玉兰臻园7幢505,146.87,500000.00,成套住宅,,市区,2025-05-30 10:03:39
,董浜镇星晨路8号亲水湾花园一区2幢310,75.92,3000.00,成套住宅,,董浜镇,2025-05-30 11:20:35
,琴川街道新世纪大道77号美丽华凤凰商业中心3幢1512,60.69,719950.50,服务型公寓,,市区,2025-05-30 13:25:14
,百盛花园二区14幢206,103.02,300000.00,成套住宅,,市区,2025-05-30 13:29:57
,支塘镇集贤路107号翰香华庭14幢-005,13.75,32226.00,地下车位,,支塘镇,2025-05-30 14:00:41